word	valence	arousal	dominance	predicability	concreteness
abang	6.482142857	4.652173913	5.634146341	6.867647059	3.128571429
aborsi	2.553571429	5.594202899	5.414634146	4.176470588	3.928571429
abu	3.875	3.971014493	4.5	5.926470588	3.2
acar	5.071428571	3.492753623	5.134146341	6.514705882	3.257142857
acara	5.714285714	4.057971014	5.219512195	6.470588235	4.028571429
adat	5.928571429	4.695652174	5.573170732	6.205882353	4.8
aerobik	5.464285714	4.52173913	5.280487805	5.955882353	3.828571429
agar-agar	5.589285714	4.173913043	5.43902439	6.647058824	3.385714286
agresif	4.214285714	6.260869565	5.475609756	5.411764706	4.942857143
air	5.714285714	3.710144928	5.402439024	6.632352941	3
air terjun	5.785714286	4.47826087	5.304878049	6.338235294	3.114285714
akal	6.178571429	5.072463768	6.341463415	6.117647059	5.557142857
aksi	6.107142857	5.057971014	5.573170732	6.044117647	4.6
akta	4.982142857	3.797101449	5.658536585	6.044117647	3.357142857
aktivis	5.946428571	4.565217391	5.743902439	5.852941176	4.014285714
alam	6.196428571	4.927536232	5.207317073	6.411764706	3.971428571
alami	6.696428571	4.362318841	5.5	6.338235294	4.914285714
alasan	4.75	4.666666667	5.353658537	6.323529412	5.414285714
alat	5.035714286	3.884057971	5.658536585	5.852941176	3.457142857
alergi	2.839285714	4.666666667	4.670731707	5.602941176	4.471428571
alis	4.767857143	3.84057971	5.487804878	7	3.128571429
aljabar	4.964285714	4.579710145	5.646341463	5.073529412	4.642857143
alkohol	4.357142857	4.884057971	5.670731707	5.529411765	3.285714286
alun-alun	4.982142857	4.84057971	5.402439024	5.764705882	3.714285714
aman	6.678571429	4.927536232	5.743902439	6.911764706	5.985714286
ambisi	5.892857143	5.043478261	5.743902439	6.397058824	5.085714286
ambisius	5.303571429	5.347826087	5.62195122	6.397058824	5.485714286
amis	3.107142857	5.144927536	5	5.176470588	4.757142857
amok	3.946428571	6.101449275	4.792682927	4	4.957142857
amoral	2.839285714	5.782608696	5.231707317	4.705882353	6.257142857
anak	6.303571429	5.086956522	5.43902439	6.220588235	2.942857143
anak-anak	6.607142857	5.275362319	5.463414634	6.176470588	3.271428571
ancaman	2.821428571	5.898550725	4.951219512	4.779411765	5.257142857
aneh	4.464285714	4.579710145	4.890243902	6	6.342857143
anggun	6.321428571	4.434782609	5.56097561	6.647058824	6.385714286
anggur	5.839285714	4.507246377	5.682926829	5.735294118	3.014285714
angin	4.982142857	3.884057971	5.146341463	6.735294118	4.185714286
anjing	4.696428571	4.579710145	5.317073171	5.470588235	2.7
anjing kecil	5.482142857	4.565217391	4.768292683	5.882352941	3.185714286
antarnegara	5.410714286	4.31884058	5.243902439	5.794117647	6.114285714
api	4.571428571	4.637681159	4.914634146	5.161764706	3.185714286
arah	5.25	4.507246377	5.975609756	5.544117647	5.771428571
arang	4.732142857	4.086956522	4.841463415	6.073529412	3.171428571
arif	5.857142857	3.84057971	5.743902439	6.235294118	5.685714286
aritmetika	4.589285714	4.985507246	5.341463415	4.264705882	6.214285714
arogan	3.714285714	5.52173913	5.073170732	4.867647059	5.542857143
asam	4.053571429	4.898550725	5.170731707	6.220588235	4.071428571
asap	3.964285714	5.202898551	4.914634146	5.485294118	2.871428571
asing	4.267857143	5.057971014	4.780487805	6.058823529	4.842857143
asmara	7.071428571	5.608695652	5.487804878	5.632352941	5.4
astronot	6.089285714	4.217391304	5.37804878	5.882352941	3.485714286
asyik	6.696428571	6.15942029	5.768292683	6.647058824	5.414285714
atletik	5.910714286	4.507246377	5.56097561	5.867647059	4
atmosfer	5.857142857	4.173913043	5.085365854	5.529411765	4.457142857
awan	5.482142857	4.173913043	5.207317073	6.205882353	3.757142857
ayah	6.964285714	5.043478261	5.207317073	6.367647059	3.257142857
babi	4.035714286	5.304347826	5.207317073	5.352941176	2.171428571
badai	3.160714286	5.52173913	4.902439024	5.323529412	3.957142857
badan	5.446428571	4.333333333	5.5	6.411764706	2.2
bagian	5.75	4.043478261	5.597560976	6.823529412	4.628571429
bagus	5.964285714	6.275362319	5.817073171	6.676470588	5.857142857
bahagia	6.214285714	6.405797101	6.146341463	6.352941176	5.757142857
bahasa	5.910714286	4.420289855	5.93902439	7	5.385714286
bahaya	3.321428571	6.072463768	5.158536585	5.455882353	4.971428571
baik	6.910714286	5.550724638	6.109756098	6.632352941	5.557142857
bajing	4.696428571	4.637681159	4.890243902	4.735294118	3.414285714
bajingan	2.428571429	7	5.170731707	4.75	5.3
bak	4.625	4.391304348	5.207317073	6.029411765	3.214285714
bakat	6.339285714	6.217391304	5.731707317	5.808823529	5.328571429
balai kota	5.089285714	3.84057971	5.280487805	5.823529412	3.442857143
banci	2.607142857	6.028985507	4.890243902	4.794117647	3.685714286
bandara	5.160714286	5.173913043	5.304878049	6.176470588	2.971428571
bangga	6.892857143	6.101449275	5.841463415	6.514705882	5.3
bangkai	2.553571429	4.31884058	4.646341463	5.397058824	3.514285714
bangkrut	2.607142857	5.782608696	4.731707317	5.411764706	4.7
bangku	4.428571429	3.724637681	5.804878049	6.794117647	3.242857143
bangsa	6.178571429	4.623188406	5.329268293	6.25	4.671428571
bangsat	2.232142857	6.072463768	5.097560976	4.205882353	5.3
bangun	5.696428571	5	5.414634146	7.161764706	4.171428571
banjir	3.339285714	5.072463768	4.951219512	5.573529412	3.885714286
bank	5.517857143	4.173913043	5.841463415	6.661764706	3.157142857
bantal	6.196428571	3.782608696	5.012195122	6.573529412	3.042857143
bantuan	5.982142857	4.362318841	5.768292683	6.294117647	4.642857143
bar	4.008928571	4.492753623	5.152439024	5.198529412	3.257142857
barang	5.25	4.144927536	5.817073171	6.691176471	3.185714286
barbel	4.982142857	4.536231884	5.524390244	5.058823529	3.114285714
batang	4.785714286	4.15942029	5.646341463	6.588235294	3.157142857
batasan	4.928571429	4.202898551	4.987804878	6.161764706	5.114285714
batu	5.053571429	3.797101449	5.573170732	6.852941176	2.9
bau	3	5.072463768	5.073170732	5.573529412	4
bayangan	4.839285714	3.782608696	4.975609756	6.661764706	4.371428571
bayi	7	5.202898551	5.682926829	5.205882353	3.142857143
beban	3.285714286	4.68115942	4.963414634	6.117647059	4.471428571
bebas	6.732142857	5.507246377	6.158536585	5.764705882	5.428571429
becek	3.785714286	4.695652174	5.085365854	6.147058824	3.885714286
bedah	4.714285714	4.202898551	5.402439024	6.044117647	4.214285714
bedeng	4.607142857	4.188405797	5.402439024	4.779411765	3.242857143
bedil	3.267857143	4.652173913	5.231707317	4.441176471	4.057142857
bekas	3.982142857	3.855072464	5.036585366	6.367647059	4.185714286
beku	4.267857143	4.260869565	4.743902439	6.426470588	3.771428571
belajar	5.839285714	4.565217391	6.219512195	6.676470588	4.157142857
belati	4.428571429	4.637681159	5.268292683	5.117647059	3.5
belatung	3.017857143	5.101449275	4.5	4.75	3.142857143
benak	6.214285714	4.231884058	5.817073171	5.617647059	5.271428571
bencana	3.214285714	4.797101449	4.926829268	5.147058824	3.871428571
benci	2.839285714	5.927536232	5.195121951	6.132352941	5.457142857
bendahara	5.178571429	4.31884058	5.548780488	6.661764706	4.057142857
bendera	6.089285714	4.31884058	5.5	6.779411765	3.2
bendungan	5.357142857	4.15942029	5.170731707	6.397058824	3.185714286
bentrokan	3.25	4.811594203	4.951219512	5.264705882	4.128571429
beracun	3.214285714	5.115942029	5.231707317	5.352941176	4.371428571
berahi	4.107142857	4.637681159	5.146341463	3.573529412	5.442857143
berang	3.928571429	5.710144928	5.487804878	5.691176471	4.2
berani	6.410714286	4.637681159	6.134146341	5.588235294	5.457142857
berbagi	6.589285714	4.260869565	5.853658537	6.529411765	5
berbaring	5.553571429	3.84057971	5.097560976	6.176470588	3.771428571
berbohong	2.964285714	5.898550725	5.463414634	5.529411765	4.928571429
berbudaya	6.5	4.231884058	5.536585366	6.117647059	5.471428571
bercela	3.714285714	4.753623188	5.390243902	5.397058824	4.871428571
berdebar	6.017857143	5.550724638	5.012195122	5.441176471	4.342857143
berdenyut	5.5	4.260869565	5.426829268	6.588235294	4.271428571
berdetak	5.428571429	4.434782609	5.304878049	6.764705882	4.014285714
berdosa	3.196428571	4.623188406	4.756097561	5.308823529	5.528571429
bergairah	5.910714286	5.608695652	5.073170732	5.161764706	5.585714286
bergembira	6.875	6.115942029	5.865853659	6.338235294	4.957142857
bergulir	5.303571429	3.927536232	5.207317073	6.441176471	4.657142857
berguna	6.482142857	5.347826087	6.024390244	6.985294118	5.285714286
berharap	6.464285714	4.898550725	5.048780488	5.955882353	5.257142857
beri-beri	3.321428571	4.623188406	4.804878049	5.029411765	3.542857143
berisik	3.642857143	5.086956522	4.756097561	6.073529412	4.428571429
berita	5.8125	4.514492754	5.43902439	6.426470588	4.221428571
berjuang	6.553571429	4.565217391	5.902439024	6.147058824	5.071428571
berkarat	3.821428571	4.942028986	4.902439024	6.352941176	3.814285714
berkelahi	3.107142857	5.855072464	5.353658537	5.205882353	3.942857143
berkuasa	5.107142857	4.536231884	5.975609756	6.647058824	4.857142857
berlian	6.107142857	4.927536232	5.512195122	5.264705882	3
bermain-main	6.642857143	6.246376812	5.414634146	6.176470588	4.985714286
bermartabat	6.625	5.014492754	6.085365854	6.455882353	5.628571429
bermasalah	3.607142857	4.913043478	4.768292683	5.397058824	5.4
bermusuhan	2.982142857	5.768115942	5.048780488	5.235294118	5.271428571
berotot	5.803571429	4.710144928	5.756097561	6.044117647	3.628571429
bersahabat	6.732142857	4.739130435	5.682926829	6.838235294	4.642857143
bersalah	3.571428571	4.637681159	5.085365854	5.455882353	5.414285714
bersenyawa	5.017857143	4.202898551	5.231707317	5.985294118	4.871428571
berseri	6.375	4.31884058	5.804878049	5.808823529	4.942857143
bersiul	5.25	4.362318841	5.414634146	6.529411765	4.185714286
bersorak	6.5	4.985507246	5.536585366	6.176470588	4.157142857
bersyukur	7.267857143	5.565217391	5.87804878	6.808823529	5.385714286
bertanya-tanya	5.017857143	4.52173913	5.085365854	6.117647059	5.657142857
bertenaga	6.678571429	5.188405797	5.585365854	6.25	4.728571429
bertengkar	3.446428571	5.623188406	5.317073171	5.514705882	4.571428571
berteriak	3.875	6.028985507	5.243902439	5.838235294	4.257142857
berterimakasih	6.964285714	4.956521739	5.914634146	6.235294118	4.814285714
bertunangan	6.285714286	5.130434783	5.548780488	5.808823529	4.614285714
beruang	5.303571429	4.608695652	5.024390244	5.588235294	2.942857143
beruntung	7.142857143	4.855072464	5.902439024	6.088235294	5.657142857
besar hati	6.732142857	4.623188406	6	5.529411765	6.242857143
besi	5.035714286	3.898550725	5.182926829	6.367647059	3.142857143
betis	5.392857143	3.913043478	5.37804878	6.544117647	3.028571429
biadab	2.946428571	5.927536232	5.109756098	4.661764706	5.314285714
biarawati	5.589285714	4.15942029	4.756097561	5.338235294	3.185714286
biasa	5.25	4.028985507	5.231707317	6.985294118	5.542857143
bibi	5.678571429	4.043478261	5.414634146	6.147058824	2.871428571
bibir	5.553571429	4.47826087	5.280487805	6.588235294	3.257142857
bijaksana	6.75	5.434782609	6.06097561	6.044117647	5.714285714
bimbang	4.339285714	4.753623188	4.512195122	5.985294118	5.7
binatang buas	3.625	5.449275362	4.5	4.602941176	2.971428571
bingung	4.017857143	4.31884058	4.853658537	6.161764706	5.071428571
bintang	6.232142857	4.579710145	5.414634146	6	3.828571429
biola	6.071428571	4.724637681	5.243902439	6.102941176	2.9
biri-biri	4.428571429	4.289855072	4.975609756	5.014705882	3.142857143
biru	5.678571429	4.405797101	5.207317073	6.838235294	3.7
bocah	4.875	4.985507246	5.536585366	6.044117647	3.271428571
bodoh	3.5	4.492753623	5.475609756	5.632352941	5.542857143
bohlam	5.571428571	4.173913043	5.670731707	4.588235294	3.085714286
bom	2.410714286	5.52173913	4.5	4.661764706	3.042857143
boneka	6	3.739130435	5.048780488	6.720588235	3.057142857
bosan	3.803571429	4.072463768	4.914634146	7.044117647	5.2
botol	5.053571429	4.057971014	5.158536585	6.352941176	2.885714286
brutal	2.571428571	4.971014493	5.390243902	4.205882353	5.514285714
buah	5.839285714	4.115942029	5.390243902	6.573529412	3.171428571
budak	3.214285714	4.782608696	4.646341463	4.529411765	3.771428571
bugil	3.285714286	5.144927536	5.280487805	4.441176471	4.085714286
bui	3.125	4.985507246	4.487804878	4.985294118	3.528571429
buket	5.839285714	4.144927536	5.341463415	5.573529412	3.657142857
buku	6.392857143	4.695652174	5.707317073	6.897058824	2.842857143
bulan	5.107142857	3.855072464	5.426829268	6.294117647	3.571428571
bulu	5.321428571	3.971014493	5.134146341	6.632352941	3.371428571
bulu tangkis	6.214285714	4.463768116	5.390243902	6.279411765	3.614285714
bumbu	5.357142857	4.391304348	5.414634146	6.514705882	3.257142857
bumi	5.946428571	4.652173913	5.292682927	5.911764706	3.242857143
bunga	6.517857143	4.347826087	5.341463415	6.647058824	2.842857143
bunuh	2.803571429	6.536231884	4.865853659	5	4.442857143
bunuh diri	2.803571429	5.826086957	5.195121951	3.985294118	4.642857143
burung	4.964285714	4.376811594	5.646341463	6.911764706	3.028571429
burung hantu	5.107142857	4.579710145	5.036585366	5.529411765	3.2
bis	4.642857143	4.15942029	5.353658537	6.764705882	3.257142857
busa	5.089285714	3.797101449	5.317073171	6.294117647	3.457142857
busuk	3.071428571	4.826086957	4.756097561	5.117647059	4.042857143
buta	3.107142857	5.057971014	4.719512195	5.029411765	4.428571429
cabul	3.017857143	5.362318841	4.853658537	4.764705882	5.142857143
cacar	4.464285714	4.492753623	4.292682927	5.176470588	3.342857143
cacat	3.178571429	4.449275362	5	5.470588235	4.014285714
cadangan	5.357142857	4.333333333	5.219512195	6.617647059	4.8
cakar	4.035714286	4.724637681	5.463414634	5.161764706	3.2
cakram	5.071428571	4.130434783	5.43902439	6.264705882	3.785714286
campak	3.660714286	4.956521739	4.573170732	4.588235294	4
candi	5.875	4.971014493	5.231707317	5.764705882	3.057142857
cantik	6.357142857	5.68115942	5.780487805	6.25	4.828571429
capek	3.625	4.68115942	4.695121951	6.073529412	5.2
cara	5.446428571	4.289855072	5.914634146	6.735294118	5.171428571
catur	5.535714286	3.942028986	5.43902439	6.102941176	3.042857143
cela	3.053571429	4.869565217	4.719512195	5.632352941	4.857142857
cemar	3.214285714	4.768115942	4.719512195	4.735294118	5
cemas	3.839285714	5.753623188	4.731707317	5.352941176	5.4
cemburu	3.875	5.942028986	5.231707317	5.485294118	5.671428571
cendawan	5.071428571	4.144927536	5.5	5.705882353	3.757142857
cendekiawan	6.160714286	5.15942029	5.804878049	6.279411765	4.442857143
cendol	5.321428571	4	5.463414634	6.264705882	3.371428571
cengkih	4.803571429	4.217391304	5.365853659	5.794117647	3.785714286
cepat	6.125	4.608695652	5.573170732	6.088235294	5.1
cerah	6.75	4.826086957	5.414634146	6.823529412	4.728571429
ceria	6.839285714	5.246376812	6.048780488	6.838235294	5.185714286
cetakan	5	4	5.304878049	6.25	3.8
cibiran	3.232142857	5.15942029	4.890243902	5.25	4.185714286
cinta	6.339285714	5.942028986	5.756097561	5.882352941	5.585714286
ciuman	4.732142857	4.739130435	5.317073171	4.911764706	3.871428571
cokelat	6.178571429	4.52173913	5.43902439	6.426470588	3.042857143
cuek	4.571428571	4.797101449	4.987804878	6.25	5.871428571
curiga	3.446428571	4.797101449	5.012195122	5.808823529	5.557142857
cuti	5.482142857	4.855072464	5.512195122	5.823529412	4.914285714
dada	5	4.666666667	5.280487805	5.926470588	3.114285714
dadar	5.839285714	3.898550725	5.182926829	6.514705882	3.542857143
dagu	4.946428571	3.68115942	5.317073171	6.691176471	3.014285714
dahak	3.482142857	4.695652174	4.829268293	5.735294118	3.228571429
dahsyat	5.660714286	6.449275362	5.682926829	5.073529412	5.171428571
daki	3.875	3.898550725	5.280487805	5.926470588	3.414285714
damai	6.625	3.362318841	6.06097561	6.588235294	5.128571429
danau	5.517857143	4.260869565	5.487804878	6.808823529	3.285714286
dapur	5.678571429	3.173913043	5.634146341	6.661764706	3.2
darah	4.410714286	5.898550725	5.12195122	5.397058824	3.371428571
dataran	4.839285714	3.913043478	5.487804878	6.117647059	3.442857143
daun	5.5	4.028985507	5.280487805	6.485294118	3.1
daya tarik	5.446428571	4.884057971	5.914634146	5.558823529	5.771428571
debit	4.714285714	4.333333333	5.085365854	5.235294118	4.142857143
definisi	5.535714286	4.115942029	5.56097561	6.705882353	5.7
dekret	4.767857143	4.782608696	4.951219512	3.897058824	4.757142857
demam	3.714285714	4.608695652	4.890243902	6.441176471	4.214285714
demen	4.982142857	5.101449275	5.451219512	5.058823529	5.528571429
demokrasi	5.589285714	4.101449275	5.829268293	6.102941176	5.842857143
dendam	2.839285714	4.811594203	5.073170732	5.088235294	5.614285714
dengki	3.142857143	5.579710145	4.414634146	5.014705882	5.571428571
deposito	5.535714286	4.536231884	5.512195122	5.75	3.385714286
depresi	3.392857143	4.84057971	4.695121951	5.529411765	5.714285714
desa	5.267857143	4.115942029	5.353658537	6.720588235	3.228571429
desain	5.392857143	4.434782609	5.402439024	7.117647059	4.128571429
detail	5.642857143	4.550724638	5.658536585	5.955882353	4.671428571
dewasa	6.517857143	4.768115942	6.219512195	6.470588235	5.871428571
dibakar	3.375	5.536231884	4.804878049	5.176470588	3.771428571
dihormati	6.571428571	5.594202899	5.914634146	6.382352941	5.428571429
dikagumi	6.053571429	5.739130435	5.695121951	5.970588235	5.657142857
dikasihi	6.607142857	5.68115942	5.463414634	6	5.614285714
dingin	5.142857143	4.231884058	5.134146341	6.970588235	4.371428571
dipan	4.696428571	4.217391304	5.195121951	5.25	3.542857143
dipermalukan	2.982142857	6.304347826	4.756097561	5.411764706	4.7
direktur	5.232142857	4.942028986	5.670731707	6.176470588	3.028571429
diri	5.446428571	4.31884058	5.682926829	6.044117647	4.442857143
diskotek	3.25	4.869565217	5.365853659	4.044117647	3.142857143
dokter	6.017857143	4.898550725	5.365853659	6.455882353	3.114285714
dokter gigi	5.589285714	4.47826087	5.365853659	6.102941176	3.314285714
dolar	5.982142857	4.260869565	5.914634146	5.852941176	3.485714286
domisili	5.803571429	4.246376812	5.292682927	6.926470588	4.257142857
dongkol	3.071428571	5.68115942	4.62195122	5.073529412	5.057142857
dosa	2.660714286	5.144927536	4.890243902	5.882352941	5.742857143
dosen	5.482142857	4.942028986	4.890243902	6.132352941	3
dubur	3.517857143	4.536231884	5.012195122	3.808823529	3.228571429
duka	2.964285714	4.724637681	5.036585366	5.058823529	5.785714286
dukacita	3.232142857	4.884057971	4.658536585	5.294117647	5.514285714
dunia	6.321428571	5.376811594	5.280487805	6.588235294	4.142857143
duri	4.053571429	4.695652174	4.890243902	6.220588235	3.128571429
dusun	4.678571429	3.855072464	5.146341463	5.838235294	3.885714286
edan	3.660714286	4.942028986	4.768292683	4.882352941	5.657142857
egois	3.285714286	5.101449275	5.292682927	5.705882353	5.542857143
ejekan	3.428571429	5.811594203	4.987804878	5.573529412	4.871428571
eksekusi	3.446428571	5.014492754	5.365853659	5.411764706	4.742857143
ekstasi	2.892857143	4.420289855	5.182926829	3.544117647	3.528571429
ekuivalen	5.357142857	4.405797101	5.62195122	5.808823529	5.285714286
elang	5.214285714	4.231884058	5.097560976	5.558823529	3.428571429
elevator	5.196428571	4.695652174	5.743902439	5.411764706	3.457142857
emas	6.303571429	5.043478261	6.024390244	6.191176471	2.4
emosi	4.214285714	5.304347826	5.634146341	5.691176471	5.342857143
empuk	5.357142857	4.246376812	5.451219512	5.911764706	3.985714286
energik	6.464285714	6.449275362	6.146341463	5.602941176	4.942857143
enggan	3.982142857	4.347826087	5.073170732	6.338235294	5.085714286
erotis	4.053571429	5.275362319	5.024390244	4.470588235	5.514285714
evaluasi	4.928571429	4.739130435	5.5	6.485294118	5.157142857
fajar	6.125	5.115942029	5.219512195	6.161764706	4.2
fantasi	6.089285714	5.289855072	5.243902439	5.911764706	5.557142857
fase	4.967741935	4.597560976	5.074626866	5	4.987951807
film	5.596774194	4.707317073	5.074626866	5.519230769	3.614457831
firdaus	6.5	4.817073171	5.313432836	4.557692308	4.86746988
frase	5.032258065	4.109756098	5.388059701	4.961538462	4.421686747
frekuensi	5.370967742	4.158536585	5.597014925	5.365384615	5.337349398
frustasi	3.612903226	5.951219512	5.835820896	4.961538462	5.21686747
gabus	5.274193548	4.085365854	5.343283582	4.519230769	3.060240964
gadis	6.370967742	4.865853659	5.656716418	5.75	3.325301205
gagah	6.177419355	5.487804878	6.507462687	6.192307692	5.301204819
gaib	3.967741935	4.780487805	4.23880597	4.769230769	5.746987952
gairah	6.403225806	6	5.656716418	3.903846154	5.518072289
galau	3.516129032	5.451219512	4.71641791	3.769230769	5.325301205
ganas	3.548387097	6.170731707	5.805970149	4.557692308	4.963855422
gang	4.612903226	4.195121951	5.343283582	5.692307692	3.361445783
gangguan	3.306451613	5.219512195	4.701492537	3.980769231	4.65060241
garam	4.903225806	4.62195122	5.447761194	6.076923077	3.084337349
garmen	4.983870968	4.085365854	5.253731343	3.942307692	3.614457831
garpu	5.064516129	4.06097561	5.313432836	5.884615385	2.807228916
garuda	5.790322581	4.731707317	5.104477612	4.826923077	3.759036145
gaun	5.661290323	5.146341463	5.552238806	5.153846154	3.277108434
gedung	4.935483871	4.390243902	5.059701493	6.153846154	2.987951807
gelap	4.35483871	4.62195122	5	4.865384615	4.036144578
geli	5.790322581	5.292682927	4.910447761	3.634615385	4.43373494
gelisah	3.419354839	5.743902439	4.119402985	4.442307692	4.927710843
gemas	5.193548387	5.829268293	4.671641791	5	5.072289157
gembira	7.096774194	5.670731707	5.895522388	5.807692308	4.626506024
gembong	4.064516129	5	5.402985075	3.557692308	4.481927711
gempa	3.048387097	6.682926829	4	4.403846154	3.831325301
gemuk	4.629032258	5.451219512	5	4.615384615	3.662650602
gengsi	4.112903226	5.207317073	5.074626866	5.365384615	5.084337349
gentar	4.129032258	4.914634146	4.955223881	4.576923077	5.289156627
gerai	4.919354839	4.182926829	4.850746269	5.384615385	3.807228916
geram	3.580645161	5.536585366	5.776119403	5.269230769	4.542168675
gereja	5	4.707317073	4.731343284	5.288461538	3.072289157
gerobak	4.903225806	4.304878049	5.343283582	5.826923077	3.084337349
getar hati	4.661290323	5.573170732	4.507462687	3.5	5.228915663
getir	3.129032258	5.609756098	5.074626866	3.346153846	5.048192771
gigi	5.306451613	4.12195122	5.28358209	6.192307692	3.012048193
gila	4.032258065	5.231707317	4.776119403	5.096153846	5.192771084
girang	6.822580645	6.743902439	6.253731343	5.115384615	5.084337349
giring-giring	4.983870968	4.548780488	4.895522388	4.692307692	4.626506024
gletser	5.322580645	4.451219512	5.029850746	4.942307692	3.759036145
gol	6.274193548	4.792682927	5.671641791	5.480769231	3.759036145
golok	4.338709677	5.365853659	5.23880597	5.211538462	3.43373494
gosip	4.225806452	5.170731707	4.865671642	4.596153846	4.578313253
granat	3.758064516	5.487804878	4.940298507	3.711538462	3.072289157
gratis	6.032258065	4.926829268	4.746268657	4.711538462	4.698795181
gregetan	4.419354839	6.06097561	5	4.019230769	4.807228916
gua	5.161290323	4.402439024	4.865671642	4.903846154	3.493975904
gudang	5.225806452	4	5.552238806	5.711538462	3.337349398
gugatan	3.935483871	5.317073171	5.567164179	4.442307692	4.891566265
gugup	4.370967742	4.853658537	4.343283582	5.057692308	5.192771084
gula	5.564516129	4.670731707	5.641791045	5.192307692	3.373493976
gumpalan	5.016129032	4.707317073	5.208955224	3.980769231	3.698795181
gundah	3.693548387	5.987804878	4.582089552	3.692307692	5.192771084
gunting	4.935483871	4.5	5.746268657	5.788461538	3.156626506
gunung	4.870967742	4.317073171	4.731343284	5.442307692	3.469879518
gunung api	4.709677419	5.036585366	4.52238806	3.692307692	3.469879518
gurih	4.887096774	4.682926829	5.507462687	5.230769231	4.096385542
guru	5.435483871	4.56097561	5.104477612	5.461538462	3.421686747
gusar	3.5	5.719512195	4.507462687	3.596153846	5.024096386
guyon	5.290322581	5.682926829	5.402985075	3.923076923	5.144578313
hadiah	6.225806452	5.402439024	5.671641791	4.903846154	3.385542169
hadir	5.693548387	4.780487805	6.044776119	6.269230769	4.421686747
haji	5.725806452	4.719512195	5.507462687	6.346153846	4.192771084
hak	6.177419355	4.853658537	5.746268657	5.653846154	4.56626506
hakikat	5.532258065	4.634146341	5.23880597	5.442307692	5.698795181
halus	5.677419355	4.292682927	5.402985075	6.153846154	4.301204819
hama	2.967741935	4.597560976	5.388059701	4.230769231	3.554216867
hancur	3.338709677	5.487804878	4.910447761	4.173076923	4.192771084
hansip	5.112903226	4.56097561	5.328358209	4.980769231	3.289156627
harapan	6.516129032	5.390243902	6.268656716	5.576923077	5.13253012
hari	5.274193548	4.890243902	5.194029851	6.403846154	4.56626506
harimau	4.290322581	5.073170732	4.746268657	5.576923077	3.084337349
harta karun	6.290322581	5.207317073	5.492537313	4.326923077	3.518072289
haru	4.822580645	4.451219512	5.373134328	4.442307692	5
hasrat	4.5	5.646341463	5.358208955	5.461538462	5.21686747
hati	6.112903226	5.634146341	5.432835821	4.423076923	3.506024096
hebat	7.016129032	6.048780488	6.537313433	6.115384615	5.060240964
heran	5.112903226	5.573170732	5.223880597	4.384615385	4.939759036
heroin	3.451612903	4.951219512	5.179104478	4.211538462	3.530120482
hidran	4.790322581	4.719512195	5.029850746	5.134615385	4.204819277
hidung	4.806451613	3.609756098	5.492537313	5.942307692	3.120481928
hidup	5.887096774	5.341463415	5.776119403	5.230769231	4.590361446
hijau	5.419354839	4.56097561	5.432835821	5.903846154	3.325301205
hilang	3.725806452	4.890243902	4.388059701	4.365384615	5.048192771
hina	2.903225806	5.524390244	4.447761194	4.173076923	5.240963855
hinaan	2.677419355	5.756097561	4.149253731	4.019230769	5.228915663
histeris	2.935483871	6.743902439	4.552238806	3.653846154	4.759036145
hitam	4.919354839	4.707317073	5.074626866	5.461538462	3.987951807
hiu	3.435483871	5.707317073	5.432835821	4.826923077	3.156626506
hiu	3.274193548	5.756097561	5.119402985	4.846153846	3.313253012
hormat	6.258064516	5.036585366	6.253731343	6.076923077	4.831325301
hostel	4.758064516	4.56097561	5.089552239	4.807692308	4.240963855
hotel	5.532258065	4.62195122	5.611940299	5.442307692	3.036144578
hubungan	6	5.243902439	5.955223881	5.173076923	4.975903614
hujan	5.032258065	4.658536585	4.776119403	5.615384615	2.686746988
hukuman	3.580645161	6.329268293	4.686567164	5.096153846	4.265060241
humor	5.903225806	5.792682927	5.671641791	5.980769231	4.915662651
huru-hara	4.161290323	5.097560976	4.701492537	3.884615385	4.674698795
iba	4.951612903	5.609756098	5.582089552	5.115384615	5.277108434
iblis	2.548387097	6.329268293	4.358208955	4.480769231	5.337349398
ibu	6.612903226	4.890243902	5	6.192307692	3.168674699
ide	5.612903226	5.12195122	6.447761194	5.211538462	5.301204819
identitas	5.774193548	4.975609756	5.955223881	5.442307692	4.156626506
idiot	3.806451613	4.609756098	4.910447761	4.557692308	4.746987952
idola	5.580645161	5.097560976	5.656716418	6.134615385	4.469879518
ijazah	5.951612903	5.170731707	5.910447761	6.153846154	3.120481928
ikan	5.225806452	4.048780488	5.208955224	6.346153846	3.108433735
ikhlas	6.467741935	5.048780488	6.268656716	5.653846154	5.554216867
ikut-ikutan	4.774193548	4.731707317	5.134328358	3.807692308	4.927710843
imbalan	5.725806452	4.93902439	5.343283582	5.096153846	4.265060241
impoten	3.693548387	4.914634146	4.880597015	3.596153846	4.686746988
industri	4.725806452	4.682926829	5.313432836	4.75	3.807228916
infeksi	3.403225806	4.731707317	5.059701493	4.403846154	3.831325301
inferior	3.838709677	4.780487805	4.820895522	4.461538462	5.337349398
infrastruktur	4.661290323	3.902439024	4.626865672	5.634615385	3.686746988
ingatan	6.064516129	5.365853659	5.402985075	5.5	5.228915663
ingin	5.919354839	5.341463415	5.208955224	5.230769231	5.313253012
ingin tahu	5.870967742	5.37804878	6.119402985	5.480769231	5.43373494
insentif	4.951612903	4.658536585	5.104477612	5.057692308	4.734939759
intelijen	6.096774194	5.207317073	6.343283582	5.038461538	5.13253012
internet	5.483870968	5.012195122	5.402985075	5.326923077	3.831325301
intim	5.14516129	4.670731707	5.865671642	6.269230769	5.168674699
intimidasi	3.548387097	4.37804878	5.298507463	4.230769231	4.698795181
iri	2.080645161	6.768292683	5.059701493	4.5	5.361445783
istana	6.048387097	5.56097561	5.417910448	6.288461538	3.554216867
istirahat	5.806451613	3.87804878	5.76119403	5.884615385	4.686746988
istri	5.919354839	5.146341463	5.388059701	6.076923077	2.915662651
jagoan	5.903225806	5.158536585	5.52238806	5.942307692	4.771084337
jahat	2.629032258	7.280487805	5.223880597	4.846153846	5.240963855
jalan	5.209677419	4.426829268	5.447761194	4.711538462	3.13253012
jalan besar	4.806451613	4.780487805	5.552238806	5.980769231	3.180722892
jalan raya	5.129032258	4.170731707	4.955223881	5.25	3.048192771
jam	4.919354839	4.134146341	5.328358209	5.711538462	3.265060241
jamur	4.741935484	4.195121951	5.089552239	5.115384615	3.397590361
janggal	4	5.036585366	5.089552239	4.923076923	5.108433735
jantung	5.419354839	5.085365854	5.149253731	5.538461538	2.951807229
jari	5.016129032	4.268292683	6.119402985	6	3.385542169
jarum	4.887096774	4.43902439	5.328358209	4.730769231	3.277108434
jatuh	4.016129032	5.451219512	5.194029851	4.153846154	3.795180723
jauh	4.209677419	4.975609756	5.432835821	5	4.771084337
jawaban	5.774193548	5.012195122	6.149253731	5.75	4.024096386
jaya	5.919354839	5.170731707	5.47761194	5.192307692	5.156626506
jelek	3.64516129	5	5.029850746	4.961538462	4.771084337
jelita	6.35483871	5.268292683	5.373134328	6.076923077	4.807228916
jendela	5.193548387	4.390243902	5.388059701	5.826923077	3.240963855
jender	4.951612903	4	5.417910448	5.057692308	4.361445783
jengkel	3.951612903	4.902439024	5.47761194	4.057692308	5.084337349
jenuh	3.596774194	4.780487805	5.134328358	5.192307692	5.409638554
jerami	5.064516129	4.780487805	5.149253731	5.384615385	3.204819277
jerat	4.306451613	4.853658537	4.76119403	4.25	4.662650602
jeritan	4.435483871	5.829268293	5.253731343	4.576923077	4.385542169
jijik	4.048387097	5.56097561	4.955223881	5.365384615	4.78313253
jimat	3.983870968	4.524390244	5.089552239	4.307692308	4.21686747
jinak	5.903225806	4.219512195	5.552238806	6.269230769	4.903614458
jiwa	5.887096774	4.951219512	5.567164179	4.961538462	5.373493976
joget	6.14516129	5.646341463	5.611940299	4.884615385	3.722891566
juara	6.14516129	5.43902439	6.582089552	5.346153846	4.180722892
jujur	6.483870968	4.841463415	6.044776119	5.788461538	5.048192771
jurang	4.290322581	4.792682927	4.731343284	4.942307692	3.469879518
jurnal	4.741935484	4.756097561	5.402985075	5.653846154	3.457831325
juru	5.419354839	4.719512195	5.179104478	5.346153846	4.228915663
jurusan	5.161290323	4.402439024	6.014925373	5.038461538	4.542168675
jus	6.14516129	4.731707317	4.940298507	5.865384615	3.21686747
jutawan	5.709677419	5.12195122	5.313432836	5	4.361445783
kabar	5.790322581	4.865853659	5.208955224	5.307692308	4.891566265
kabinet	4.677419355	4.268292683	5.149253731	4.903846154	4.084337349
kaca	5.016129032	4.134146341	5.731343284	5.538461538	3.409638554
kacamata	5.467741935	4.634146341	5.432835821	6.423076923	3.325301205
kacau	4	5.036585366	5.492537313	4	4.855421687
kagum	5.870967742	5.036585366	5.552238806	5.903846154	4.843373494
kaidah	4.967741935	4.158536585	5.074626866	5.5	5.060240964
kain	5.258064516	4.158536585	5.537313433	6.192307692	3.361445783
kaki	5.177419355	4.890243902	5.880597015	5.423076923	2.975903614
kaku	4.112903226	4.597560976	4.776119403	4.173076923	4.710843373
kalah	3.951612903	4.048780488	4.47761194	5.519230769	5.277108434
kalajengking	3.758064516	5.12195122	4.417910448	4.403846154	3.240963855
kalap	3.693548387	5.695121951	4.880597015	4.25	5.084337349
kalut	3.483870968	4.646341463	4.850746269	3.557692308	5.301204819
kamar	5.290322581	4.597560976	5.656716418	5.865384615	3.373493976
kamar mayat	3.403225806	5.329268293	4.417910448	4.096153846	3.469879518
kambing hitam	3.919354839	5.048780488	4.582089552	4.75	4.78313253
kampus	5.403225806	5.182926829	5.149253731	6.25	3.084337349
kanal	4.85483871	4.646341463	4.970149254	4.865384615	3.879518072
kangen	6.177419355	5.085365854	4.895522388	4.903846154	5.240963855
kanker	3.290322581	5.5	4.582089552	4.076923077	4.493975904
kantong	5.403225806	4.573170732	5.656716418	5.057692308	3.168674699
kantor	5.016129032	4.780487805	5.328358209	6.384615385	3.43373494
kapal	4.919354839	4.646341463	5.268656716	5.615384615	3.34939759
kapal pesiar	5.774193548	4.56097561	5.134328358	5.788461538	3
kapur	4.612903226	4.256097561	5.388059701	5.673076923	3.21686747
karantina	4.193548387	4.548780488	4.985074627	5.076923077	4.34939759
karier	4.919354839	5.024390244	5.850746269	5.576923077	4.662650602
kartu as	5.306451613	4.695121951	5.582089552	3.769230769	3.927710843
kas	5.274193548	4.646341463	5.552238806	4.692307692	4.156626506
kasar	3.161290323	5.426829268	5.119402985	4.788461538	4.313253012
kasih	7.225806452	4.731707317	6.029850746	5.134615385	4.903614458
kasih sayang	7.64516129	5.304878049	6.582089552	5.153846154	4.843373494
kasihan	4.258064516	5.658536585	4.835820896	5.673076923	4.879518072
kasino	4.887096774	4.658536585	5.23880597	4.25	3.78313253
kasir	5.016129032	4.56097561	5.104477612	5.326923077	3.361445783
kasmaran	6.112903226	5.414634146	5.835820896	4.557692308	5.34939759
katak	4.919354839	4.231707317	5.149253731	4.769230769	3.168674699
kaus kaki	4.85483871	3.914634146	5.223880597	4.519230769	2.987951807
kaya	7.290322581	5.268292683	6	6.538461538	4.56626506
keadilan	7.112903226	5.768292683	6.76119403	6.057692308	5.481927711
keajaiban	7.483870968	5.914634146	5.492537313	4.692307692	5.253012048
kebahagiaan	7.919354839	6.43902439	6.507462687	5.807692308	5.120481928
kebaikan	7.306451613	6.475609756	6.208955224	5.596153846	5.156626506
kebajikan	7.129032258	5.731707317	5.865671642	5.634615385	5.253012048
kebanggaan	6.903225806	5.731707317	6.298507463	5.519230769	5.277108434
kebanjiran	3.919354839	5.451219512	5.223880597	4.826923077	3.843373494
kebebasan	6.096774194	5.646341463	6.179104478	5.538461538	5.313253012
kebenaran	6.306451613	4.841463415	5.791044776	5.134615385	5.108433735
kebencian	2.64516129	6.292682927	5.567164179	4.75	5.228915663
keberangan	2.919354839	6.853658537	5.014925373	4.230769231	5.277108434
kebetulan	5.129032258	4.402439024	4.47761194	5.173076923	5.301204819
kebiadaban	2.290322581	6.768292683	5.776119403	3.461538462	5.457831325
kebiasaan	4.951612903	4.207317073	6.343283582	6.076923077	4.614457831
kebodohan	3.661290323	5.231707317	5	4.615384615	5.361445783
kebosanan	3.919354839	4.963414634	4.895522388	4.961538462	4.951807229
kebun	5.14516129	4	5.268656716	5.730769231	2.831325301
kecamatan	5.225806452	4.317073171	4.447761194	6.211538462	3.78313253
kecanduan	3.774193548	5.170731707	5.194029851	4.346153846	5.228915663
kecantikan	5.790322581	5.280487805	6.089552239	5.5	4.903614458
kecelakaan	3.258064516	6.426829268	4.507462687	4.134615385	3.819277108
kecemasan	3.483870968	5.5	4	4.173076923	5.481927711
kecemburuan	4.14516129	5.256097561	5.28358209	4.442307692	5.385542169
kecerdasan	6.306451613	5.524390244	6.059701493	6.576923077	5.265060241
kecewa	3.774193548	5.292682927	4.850746269	4.519230769	5.108433735
kecil	4.887096774	4.548780488	5.179104478	5.25	3.831325301
kecil hati	4.112903226	4.804878049	5.104477612	5.115384615	5.469879518
kecoak	3.983870968	4.975609756	4.462686567	4.942307692	3.120481928
kedengkian	2.919354839	6.451219512	5.23880597	4.211538462	5.168674699
kegagalan	3.580645161	4.93902439	5.074626866	4.557692308	5.518072289
kegandrungan	4.709677419	4.658536585	5.701492537	3.75	5.036144578
kegembiraan	6.612903226	5.073170732	6.417910448	5.211538462	5.144578313
kehangatan	6.064516129	4.743902439	5.850746269	5.615384615	5.168674699
keharuan	5.258064516	4.548780488	4.850746269	4.25	5.289156627
keharuman	6.032258065	4.975609756	5.955223881	5.692307692	5.036144578
keheranan	4.758064516	4.658536585	5.373134328	4.423076923	5.337349398
kehidupan	6	5.146341463	6.47761194	5.807692308	4.855421687
kehormatan	6.5	5.914634146	6.194029851	5.826923077	5.385542169
keinginan	6.080645161	6.097560976	5.910447761	5.846153846	5.409638554
kejahatan	2.35483871	6.329268293	5.179104478	4.5	4.614457831
kejam	2.435483871	6.317073171	4.925373134	4.923076923	4.855421687
kejayaan	6.290322581	5.768292683	6.074626866	5.596153846	5.144578313
kekacauan	3.532258065	5.682926829	5.417910448	4.538461538	5.313253012
kekasih	5.661290323	5.475609756	5.582089552	5	4.024096386
kekayaan	5.951612903	5.512195122	6.507462687	5.923076923	4.373493976
kekeliruan	4.14516129	4.829268293	5.044776119	4.307692308	5.13253012
kekhawatiran	4.129032258	5.231707317	4.76119403	5.096153846	5.301204819
keki	4.209677419	4.536585366	5.104477612	3.961538462	5.228915663
kekuasaan	6.064516129	5.573170732	5.582089552	5.365384615	5.313253012
kekuatan	6.193548387	5	6.104477612	5.769230769	5.024096386
kelaparan	3.629032258	5.548780488	5.194029851	4.25	4.506024096
kelelawar	4.629032258	5	5.253731343	4.942307692	3.156626506
kelimpahan	5.483870968	4.719512195	5.47761194	4.634615385	4.927710843
kelincahan	5.338709677	5.12195122	6.074626866	5.653846154	5.240963855
kelinci	5.177419355	4.37804878	5.731343284	5.038461538	2.987951807
keluarga	6.338709677	5.402439024	5.641791045	6.615384615	3.204819277
kelumpuhan	3.274193548	4.87804878	4.104477612	4.634615385	4.301204819
kemajuan	6.096774194	5.646341463	5.343283582	6.384615385	5.096385542
kemarahan	3.387096774	5.62195122	6.208955224	4.692307692	5.253012048
kematian	3.887096774	5.12195122	4.402985075	4.115384615	3.987951807
kembang api	6.048387097	5.256097561	5.059701493	6.173076923	3.301204819
kemenangan	6.032258065	5.414634146	6.059701493	5.923076923	5.012048193
kemerdekaan	6.35483871	5.365853659	5.611940299	6.403846154	4.78313253
kemesraan	5.951612903	4.87804878	5.850746269	4.384615385	5.301204819
kemewahan	6.129032258	5.524390244	5.71641791	5.673076923	5
kemiskinan	4.129032258	5.195121951	5.23880597	5.5	5.13253012
kemuliaan	6.016129032	4.975609756	5.567164179	5.865384615	5.289156627
kenakalan	3.838709677	5.109756098	5.014925373	5.019230769	5.108433735
kenangan	5.935483871	5.524390244	5.134328358	5.326923077	5.385542169
kencing	4.225806452	4.390243902	4.835820896	5.634615385	3.481927711
kendala	3.903225806	5.036585366	5.507462687	4.057692308	5.048192771
kendaraan	5.5	5	5.582089552	5.365384615	2.975903614
kendi	4.85483871	4.219512195	5.194029851	4.923076923	3.13253012
kengerian	3.274193548	5.93902439	5.23880597	4.596153846	5.096385542
kenikmatan	5.612903226	5.231707317	5.776119403	5.884615385	4.86746988
kentut	4.274193548	4.829268293	5.134328358	3.673076923	4.036144578
kenyamanan	6.241935484	4.536585366	5.746268657	5.788461538	5.120481928
kepala pelayan	5.370967742	4.475609756	5.328358209	5.615384615	3.518072289
keperawatan	5.177419355	4.463414634	5.074626866	5.980769231	4.445783133
kepingin	5.322580645	5.170731707	5.044776119	4.692307692	5.481927711
kepuasan	6.096774194	4.792682927	5.776119403	5.153846154	4.951807229
keranjang	4.774193548	4.170731707	5.52238806	5.75	3.036144578
keras	4.403225806	4.353658537	5.791044776	5.423076923	4.048192771
kereta	5.580645161	4.243902439	5.388059701	5.615384615	3.325301205
keriangan	6.822580645	6.12195122	6.268656716	5.480769231	5.397590361
kertas	4.911290323	4.213414634	5.358208955	5.730769231	3.174698795
kerusakan	3.5	5.451219512	5.373134328	4.807692308	4.722891566
kerusuhan	3.451612903	6.146341463	4.970149254	5.019230769	4.180722892
kesakitan	3.612903226	4.682926829	5.268656716	4.596153846	4.265060241
kesal	3.774193548	5.207317073	4.925373134	5.365384615	5.43373494
kesedihan	3.935483871	4.792682927	5.23880597	4.038461538	5.289156627
kesehatan	6.451612903	5.530487805	5.358208955	5.711538462	4.614457831
kesejahteraan	6.388059701	4.711340206	5.313131313	5.152542373	6.097222222
kesempatan	6.164179104	5.072164948	5.525252525	4.627118644	5.416666667
kesempurnaan	6.328358209	4.701030928	5.636363636	5	6.319444444
kesenangan	6.47761194	5.195876289	5.818181818	4.983050847	5.430555556
kesendirian	4.059701493	4.443298969	4.626262626	4.728813559	5.694444444
kesengsaraan	2.343283582	6.298969072	4.414141414	4.491525424	5.236111111
kesepakatan	6.343283582	4.463917526	5.595959596	5.101694915	4.944444444
kesepian	3.388059701	3.783505155	4.686868687	5.423728814	5.333333333
keserakahan	2.746268657	5.041237113	4.545454545	4.93220339	5.444444444
kesombongan	2.76119403	5.371134021	5.03030303	4.830508475	5.597222222
kesopanan	6.776119403	4.546391753	5.595959596	5	5.777777778
kesulitan	3.343283582	5.041237113	4.909090909	5.033898305	5.166666667
kesuraman	2.880597015	4.577319588	4.404040404	4.406779661	6.111111111
kesusahan	3.253731343	4.835051546	4.464646465	4.983050847	5.236111111
ketakjuban	6.014925373	4.907216495	5.01010101	3.898305085	5.763888889
ketakutan	3.791044776	5.463917526	4.464646465	4.796610169	4.75
ketel	5.417910448	4.257731959	5.04040404	5.186440678	3.458333333
ketenaran	5.925373134	5.06185567	5.090909091	5.101694915	5.486111111
ketiak	4.23880597	4.144329897	4.262626263	4.796610169	2.472222222
keunggulan	6.104477612	4.958762887	5.262626263	5.016949153	5.194444444
keuntungan	6.268656716	4.793814433	5.555555556	4.830508475	5.347222222
kewalahan	4.179104478	4.701030928	4.676767677	5.237288136	5.083333333
khawatir	4.28358209	5.154639175	4.949494949	5.06779661	5.305555556
khidmat	6.179104478	4.030927835	5.313131313	4.966101695	5.652777778
kikuk	4.044776119	4.762886598	4.353535354	4.779661017	5.180555556
kincir angin	5.656716418	4.144329897	4.949494949	5.13559322	2.708333333
koin	5.492537313	4.082474227	5.343434343	5.406779661	2.402777778
kolam	5.791044776	4.216494845	5.050505051	5.423728814	2.541666667
kolom	5.462686567	3.87628866	5.191919192	5.796610169	3.152777778
kolumnis	4.582089552	4.360824742	4.747474747	4.661016949	5.083333333
komedi	6.447761194	5.18556701	5.96969697	4.796610169	4.013888889
komentator	5.373134328	4.793814433	5.404040404	5.355932203	3.597222222
komet	5.194029851	4.711340206	5.02020202	4.915254237	3.569444444
komisaris	5.880597015	4.989690722	4.626262626	5.288135593	3.375
kompor	4.910447761	4.484536082	5.363636364	5.966101695	2.791666667
komputer	6.223880597	4.742268041	5.111111111	5	2.583333333
komunis	3	5.628865979	5.171717172	5.016949153	5.069444444
konferensi	5.746268657	4.845360825	5.373737374	5.271186441	4.027777778
konsentrasi	6.134328358	4.783505155	6.04040404	4.779661017	5.305555556
konsolidasi	5.567164179	4.824742268	5.141414141	4.644067797	5.194444444
konteks	5.149253731	4.412371134	5.131313131	5.661016949	5.694444444
kontrarevolusioner	4.507462687	5.06185567	4.474747475	4.508474576	5.888888889
konveksi	5.119402985	4	4.868686869	5.288135593	4.708333333
konyol	4.402985075	5.020618557	4.545454545	4.610169492	5.416666667
kopi	5.910447761	4.154639175	5.262626263	5.440677966	2.875
koran	6.014925373	4.494845361	4.808080808	5.06779661	2.75
korban	4.537313433	4.835051546	4.484848485	5.084745763	3.5
koridor	5.164179104	4.329896907	4.737373737	5.152542373	3.222222222
korup	2.970149254	5.567010309	4.363636364	4.983050847	4.430555556
kota	5.850746269	4.75257732	5.080808081	5.372881356	3.291666667
kotor	3.417910448	5.134020619	4.656565657	5.661016949	3.361111111
kotoran	3.52238806	5.010309278	4.626262626	5.118644068	3.125
kredit	4.626865672	4.917525773	5.02020202	5.457627119	4.138888889
krisis	3.970149254	5.092783505	4.454545455	5	5.138888889
kuadrat	5.313432836	4.536082474	4.919191919	5.152542373	5.236111111
kualitas	6.164179104	4.824742268	5.858585859	5.152542373	5.222222222
kuat	6.343283582	5.092783505	5.858585859	5.033898305	4.652777778
kuburan	4.119402985	4.762886598	3.97979798	4.830508475	2.625
kucing	5.776119403	4.742268041	4.676767677	5.050847458	2.972222222
kuda	5.626865672	4.649484536	5.191919192	5.457627119	2.444444444
kue	6.044776119	4.474226804	5.212121212	5.305084746	3.027777778
kue mangkok	5.76119403	4.525773196	4.888888889	5.084745763	2.666666667
kuil	5.358208955	3.773195876	4.96969697	5.220338983	2.652777778
kuitansi	5.820895522	4.288659794	5.161616162	5.13559322	2.652777778
kuku	5.597014925	4.237113402	5.121212121	5.610169492	2.583333333
kulit	5.582089552	4.391752577	5.515151515	5.745762712	2.763888889
kulkas	5.865671642	4.515463918	5.181818182	5.220338983	3.097222222
kuman	3.656716418	4.835051546	4.393939394	5.118644068	5.319444444
kumuh	3.402985075	5.226804124	4.262626263	5.101694915	3.736111111
kumulatif	5.552238806	4.567010309	5.393939394	4.508474576	5.111111111
kunci	5.626865672	4.494845361	5.191919192	5.915254237	2.638888889
kuning	5.447761194	4.278350515	5.373737374	6.101694915	3.597222222
kupu-kupu	6.313432836	4.381443299	5.181818182	5.508474576	2.486111111
kurang ajar	2.820895522	6.484536082	4.454545455	4.491525424	5.916666667
kurang baik	3.686567164	4.597938144	4.494949495	4.881355932	5.680555556
kursi	5.358208955	4.24742268	5.292929293	5.152542373	2.930555556
kutu	3.447761194	4.917525773	4.494949495	5.06779661	2.861111111
kutu rambut	3.671641791	4.896907216	4.686868687	4.677966102	2.916666667
laba	5.955223881	4.865979381	4.949494949	4.915254237	4.013888889
labah-labah	4.970149254	4.896907216	4.808080808	5.457627119	3.111111111
laboratorium	5.641791045	4.350515464	4.808080808	5.338983051	2.652777778
ladang	5.805970149	4.092783505	4.929292929	5.050847458	2.875
lagu	6.447761194	4.804123711	5.171717172	5.322033898	3.763888889
lalai	3.671641791	4.453608247	4.292929293	4.779661017	5.763888889
lambang	5.492537313	4.340206186	5.464646465	5.372881356	3.263888889
lambat	4.029850746	4	4.626262626	5.13559322	4.777777778
lambung	5.014925373	4.288659794	5.101010101	5.237288136	3.333333333
lampion	5.970149254	4.237113402	5	5.508474576	2.791666667
lampu	5.731343284	4.319587629	5.595959596	5.118644068	2.597222222
lancar	6.71641791	4.608247423	5.838383838	5.203389831	4.361111111
langit	6.134328358	4.175257732	5.111111111	5.627118644	3.291666667
lapangan	5.507462687	4.402061856	5.181818182	5.474576271	2.638888889
lapar	4.537313433	5.226804124	5.131313131	5.627118644	4.138888889
lapuk	4.164179104	4.06185567	4.363636364	5.237288136	3.625
laser	4.597014925	4.546391753	4.838383838	5.457627119	3.638888889
latihan	6.388059701	4.731958763	5.757575758	5	4
laut	6.179104478	4.659793814	5.333333333	4.983050847	2.597222222
lawatan	5.28358209	4.474226804	4.727272727	4.338983051	4.972222222
lebah	5.089552239	4.546391753	4.808080808	5.254237288	2.791666667
lega	6.194029851	3.927835052	5.404040404	4.983050847	5.138888889
legenda	5.611940299	4.432989691	5.060606061	5.406779661	5.111111111
leher	5.776119403	4.298969072	5.070707071	5.627118644	2.527777778
lelah	3.940298507	4.226804124	4.868686869	5.389830508	4.583333333
lelucon	6.044776119	4.969072165	5.454545455	5.169491525	4.833333333
lemah	3.746268657	3.835051546	4.555555556	5.355932203	4.597222222
lemak	3.925373134	5.020618557	4.464646465	4.898305085	3.694444444
lemas	3.611940299	3.948453608	4.393939394	5.576271186	4.569444444
lembek	4.23880597	3.793814433	4.404040404	5.033898305	3.486111111
lembut	5.895522388	4.144329897	5.161616162	5.084745763	5.013888889
lendir	3.820895522	4.639175258	4.313131313	5.118644068	3.472222222
lengan	5.52238806	4.030927835	5.606060606	6.033898305	2.791666667
lentera	5.925373134	4.195876289	5.161616162	5.338983051	3.222222222
lentur	5.880597015	4.164948454	5.181818182	5.152542373	4.611111111
lepra	3.895522388	4.670103093	4.333333333	4.661016949	3.763888889
lesbian	3.089552239	4.845360825	4.616161616	4.593220339	4.208333333
lesu	3.626865672	3.896907216	4.656565657	5.474576271	4.069444444
lezat	6.320895522	4.979381443	5.691919192	5.296610169	5
liburan	6.597014925	5.051546392	6.01010101	5	4.611111111
lidah	5.447761194	4.474226804	5.393939394	5.372881356	2.444444444
lilin	5.597014925	4.257731959	5.252525253	5.457627119	2.305555556
limbah	3.149253731	5.06185567	4.444444444	5	3.347222222
limpa	5.149253731	4.422680412	4.393939394	5.440677966	3.5
limusin	5.641791045	4.711340206	4.96969697	4.830508475	3.472222222
lincah	5.940298507	5.226804124	5.636363636	4.542372881	3.888888889
lingkaran	5.179104478	4.180412371	5.323232323	5.93220339	3.083333333
lingkungan	6	4.639175258	5.111111111	5.237288136	4.083333333
lipas	4.402985075	4.75257732	4.626262626	4.220338983	3.902777778
logam	5.850746269	4.742268041	5.161616162	5.305084746	2.833333333
lokakarya	5.492537313	4.618556701	5.070707071	5.13559322	4.736111111
loker	5.71641791	4.216494845	5.01010101	4.93220339	2.805555556
longsor	4.208955224	5.092783505	4.97979798	5.389830508	3.25
loteng	5.343283582	4.154639175	5.03030303	5.118644068	3.222222222
lotere	4.343283582	4.948453608	4.555555556	4.610169492	3.819444444
loyal	5.880597015	4.93814433	5.181818182	5.237288136	5.541666667
luar angkasa	6.164179104	4.865979381	5.01010101	4.305084746	4.069444444
luar biasa	6.865671642	6.463917526	5.545454545	5.101694915	6.125
lucu	6.746268657	5.618556701	5.878787879	5.220338983	5.388888889
luka	3.985074627	4.865979381	4.555555556	5.220338983	2.666666667
lulusan	6.47761194	4.87628866	5.777777778	5.559322034	4.513888889
lumbung	5.179104478	4.164948454	4.646464646	5.186440678	3.222222222
lumpur	4.805970149	4.505154639	4.767676768	5.271186441	2.722222222
lumut	4.731343284	4.329896907	4.616161616	5.525423729	2.75
lunak	5.447761194	3.804123711	4.535353535	5.118644068	3.777777778
mabuk	2.626865672	5.288659794	4.515151515	4.796610169	5.111111111
madu	6.28358209	4.494845361	5.191919192	5.728813559	2.819444444
mahasiswa	6.417910448	4.87628866	5.626262626	5.627118644	3.027777778
mahkota	5.970149254	4.628865979	5.747474747	5.355932203	2.916666667
mainan	5.985074627	4.87628866	5.626262626	5.305084746	2.569444444
majalah	5.567164179	4.567010309	5.232323232	5.305084746	2.777777778
makam	4.417910448	4.711340206	4.545454545	5.169491525	2.791666667
makan	5.865671642	4.93814433	5.545454545	5.627118644	3.458333333
makan malam	6.179104478	4.505154639	5.606060606	5.677966102	3.527777778
makanan	6.507462687	4.855670103	5.606060606	5.491525424	3.055555556
mal	5.955223881	4.989690722	5.474747475	5.220338983	3.027777778
malaikat	6.134328358	3.927835052	5.111111111	4.627118644	6.236111111
malaria	3.776119403	4.824742268	4.505050505	4.779661017	3.777777778
malas	3.104477612	4.762886598	4.747474747	5.372881356	4.444444444
malu	2.925373134	5.865979381	4.868686869	5.694915254	5.222222222
mampu	6.074626866	4.721649485	5.484848485	5.491525424	5.041666667
manajemen	6.059701493	4.639175258	5.323232323	5.203389831	5.083333333
manajer	5.820895522	4.432989691	5.303030303	5.457627119	3.25
mandek	3.940298507	4.824742268	4.797979798	4.423728814	5.277777778
mandi	6.23880597	4.484536082	5.727272727	5.152542373	3.416666667
mangkel	4.358208955	4.783505155	4.515151515	4.355932203	4.791666667
mangkuk	5.970149254	4.443298969	4.696969697	5.677966102	2.430555556
maniak	4.223880597	4.793814433	4.797979798	4.372881356	5.305555556
manis	6.71641791	4.494845361	5.666666667	5.06779661	3.986111111
manja	4.76119403	4.505154639	5.323232323	4.881355932	5.152777778
manusiawi	6.029850746	4.443298969	5.757575758	4.881355932	5.847222222
marah	3.462686567	5.422680412	5.555555556	5.305084746	4.069444444
margin	5.47761194	4.18556701	4.808080808	4.694915254	4
marmut	5.865671642	3.969072165	4.888888889	5.084745763	2.611111111
mars	4.71641791	4.175257732	4.363636364	4.576271186	4.263888889
martabat	5.671641791	4.639175258	5.666666667	5.254237288	5.916666667
masa	5.388059701	4.164948454	4.858585859	5.644067797	5.305555556
masakan	6.47761194	5	5.424242424	5.338983051	2.875
masjid	6.134328358	4.206185567	5.424242424	5.677966102	2.763888889
massa	5.28358209	5.010309278	5.222222222	5.491525424	4.055555556
masturbasi	3.701492537	5.020618557	4.646464646	4.542372881	3.902777778
mata	5.791044776	4.103092784	5.525252525	5.474576271	2.763888889
matahari	5.955223881	5.206185567	5.656565657	5.423728814	2.916666667
matang	6.059701493	4.474226804	5.404040404	5.440677966	4.152777778
matematika	4.880597015	5.154639175	5.202020202	5.440677966	3.652777778
materiil	5.552238806	4.268041237	4.848484848	5.050847458	3.736111111
mati	3.119402985	4.360824742	4.191919192	5.06779661	4.138888889
mayat	3.746268657	5.082474227	4.212121212	4.728813559	2.666666667
meja	5.417910448	4.18556701	5.444444444	5.593220339	2.694444444
melangkah	5.805970149	4.360824742	5.868686869	5.644067797	3.625
melawan	4.507462687	5.505154639	5.373737374	4.355932203	4.75
melepuh	3.865671642	4.824742268	4.626262626	5.254237288	3.5
melodi	6.104477612	4.329896907	5.191919192	5.016949153	5.013888889
melukai	2.791044776	5.391752577	4.848484848	5.152542373	4.013888889
melukis	6.194029851	4.453608247	5.414141414	5.016949153	3.583333333
melunakkan	5.313432836	4.350515464	5.323232323	4.677966102	4.597222222
melupakan	4.104477612	4.917525773	4.929292929	5.152542373	5.527777778
memalukan	3.686567164	5	4.535353535	4.983050847	5.027777778
memamah	4.76119403	4.639175258	4.919191919	5	4.569444444
memamah biak	5.23880597	4.505154639	4.95959596	4.813559322	4.541666667
memanggang	5.358208955	4.886597938	5.414141414	5.254237288	3.916666667
mematuhi	6.313432836	4.329896907	5.111111111	5.644067797	4.263888889
membakar	2.940298507	6.309278351	5.333333333	5.237288136	3.833333333
membayangkan	5.28358209	4.494845361	5.595959596	5.593220339	5.583333333
membelai	6.029850746	3.144329897	5.262626263	5.305084746	4.013888889
membenci	2.537313433	5.030927835	4.858585859	4.983050847	5.152777778
memberkati	5.970149254	4.041237113	4.898989899	4.779661017	5.694444444
membuang	4.52238806	4.87628866	5.414141414	5.796610169	3.777777778
membusuk	3.23880597	4.969072165	4.434343434	5.491525424	3.958333333
memecah	3.865671642	4.731958763	5.303030303	5.305084746	4.111111111
memelihara	6.253731343	4.556701031	5.818181818	5.220338983	4.847222222
memeluk	6.432835821	4.432989691	5.848484848	5.389830508	3.680555556
memendam	4.552238806	4.762886598	4.848484848	4.745762712	5.458333333
memijat	5.850746269	4.701030928	5.626262626	5.101694915	3.402777778
memimpikan	5.895522388	4.690721649	5.171717172	5.508474576	5.5
memompa	5.552238806	4.773195876	5.242424242	5.271186441	3.75
memotong	4.865671642	4.783505155	5.494949495	5.016949153	3.652777778
memperlakukan	5.76119403	4.288659794	5.555555556	5.203389831	4.736111111
mempesona	6.47761194	5.113402062	5.808080808	4.457627119	5.305555556
memuakkan	2.656716418	5.948453608	4.626262626	4.508474576	5.597222222
memualkan	3.940298507	4.81443299	4.434343434	4.677966102	5.027777778
memukau	6.044776119	4.917525773	5.828282828	4.644067797	5.625
memukul	3.582089552	6.041237113	5.252525253	5.355932203	3.652777778
memutilasi	3.179104478	5.381443299	4.828282828	4.355932203	3.986111111
menahan	4.417910448	4.680412371	5.262626263	5.525423729	4.777777778
menampar	3.074626866	5.87628866	5.515151515	4.542372881	3.930555556
menangis	3.268656716	6	4.747474747	4.677966102	3.888888889
menanti	5.179104478	4.93814433	5.101010101	5.033898305	5.875
menara	5.71641791	4.350515464	5.181818182	5.559322034	3.194444444
menarik	6.164179104	5.041237113	5.393939394	5.06779661	4.875
mencaci	2.895522388	6.288659794	4.717171717	4.915254237	4.263888889
mencampakkan	3.044776119	5.948453608	5.01010101	4.949152542	4.875
mencapit	4.388059701	5.226804124	5.070707071	5.118644068	4
menceraikan	3.358208955	4.81443299	4.98989899	4.881355932	4.319444444
menciptakan	6.104477612	4.886597938	5.484848485	5.508474576	5.055555556
mencium	5.582089552	4.402061856	5.323232323	4.745762712	3.777777778
mencolek	4.567164179	4.525773196	5.313131313	5.677966102	3.569444444
mencubit	4.059701493	4.922680412	4.838383838	5.406779661	3.576388889
mendarat	5.686567164	4.216494845	4.797979798	5.440677966	4.152777778
mendendam	3.164179104	5.865979381	5.141414141	4.457627119	5.680555556
mendengki	3.298507463	5.670103093	4.898989899	4.593220339	5.486111111
mendung	4.850746269	4.319587629	4.777777778	5.152542373	3.486111111
menebak	5.313432836	4.618556701	5.282828283	5.084745763	5.222222222
menendang	4.358208955	4.87628866	5.343434343	5.644067797	3.680555556
menenggelamkan	3.940298507	4.989690722	5.060606061	4.86440678	4.555555556
mengabaikan	3.611940299	4.979381443	4.898989899	5.406779661	5.319444444
mengabdikan	6.164179104	4.494845361	5.676767677	4.813559322	5.805555556
mengajar	6.253731343	4.525773196	5.535353535	5.440677966	3.930555556
mengaktifkan	5.791044776	4.845360825	5.595959596	5.372881356	4.833333333
mengamankan	5.910447761	4.432989691	5.454545455	5.305084746	4.847222222
mengawal	5.850746269	4.670103093	5.595959596	5.610169492	4.569444444
mengayuh	5.223880597	4.793814433	5.353535354	5.661016949	3.597222222
mengecat	5.23880597	4.360824742	5.141414141	5.355932203	3.388888889
mengecewakan	3.253731343	4.649484536	4.535353535	4.711864407	5.541666667
mengedipkan	5.28358209	4.505154639	5.404040404	5.440677966	3.722222222
mengejek	3.641791045	4.886597938	4.797979798	5.271186441	4.236111111
mengeluhkan	3.223880597	4.824742268	4.494949495	5.389830508	4.569444444
mengembang	5.970149254	4.484536082	5.161616162	5.288135593	4.444444444
mengendalikan	5.582089552	4.845360825	5.191919192	5.186440678	5.194444444
mengerikan	3.268656716	6.226804124	4.666666667	4.305084746	5.166666667
mengerti	6.134328358	4.391752577	5.696969697	5.203389831	5.361111111
mengetik	5.925373134	4.701030928	5.585858586	5.203389831	3.944444444
mengganggu	3.432835821	4.989690722	5.161616162	5.322033898	4.541666667
menggantung	4.835820896	4.680412371	5.101010101	4.983050847	4.013888889
menggapai	6.507462687	4.907216495	5.777777778	5.101694915	4.75
menggaruk	5.343283582	4.886597938	5.272727273	4.915254237	3.75
menggemaskan	6.268656716	4.793814433	5.585858586	4.627118644	5.055555556
menggetarkan	5.029850746	5.06185567	5.202020202	4.593220339	4.680555556
menggiling	5.47761194	4.680412371	5.151515152	5.220338983	4.083333333
menggoda	4.641791045	5.164948454	5.383838384	4.957627119	4.819444444
menggunting	4.895522388	4.505154639	5.282828283	5.203389831	3.333333333
menghalangi	3.955223881	4.896907216	4.737373737	4.830508475	4.541666667
menghancurkan	2.985074627	5.226804124	4.95959596	5.152542373	4.263888889
menghanguskan	3.880597015	4.886597938	5.181818182	4.813559322	3.888888889
menghias	6.268656716	4.278350515	5.767676768	5.220338983	4.263888889
menghina	2.47761194	6	4.575757576	5.305084746	4.583333333
menghindar	4.462686567	4.87628866	5.04040404	5.203389831	4.236111111
menghormati	6.253731343	4.793814433	5.313131313	5.152542373	4.763888889
mengigit	3.686567164	4.762886598	5.282828283	4.949152542	3.722222222
mengilhami	6.328358209	4.618556701	5.292929293	5.271186441	5.972222222
menginginkan	6.119402985	5.051546392	5.717171717	4.847457627	5.277777778
menginspirasi	6.358208955	4.546391753	5.454545455	5.203389831	5.611111111
mengkhianati	3.134328358	5.75257732	5.141414141	4.322033898	5.680555556
mengobati	6.268656716	4.721649485	5.747474747	5.254237288	4.180555556
mengotori	3.52238806	5.082474227	4.909090909	5.288135593	3.986111111
mengucilkan	3.462686567	4.958762887	4.878787879	5.762711864	4.916666667
menikam	3.074626866	5.453608247	5	4.491525424	3.944444444
meningkatkan	6.417910448	4.793814433	5.515151515	5.423728814	5.347222222
menjangkau	6.223880597	4.567010309	5.686868687	5.016949153	4.680555556
menjengkelkan	3.462686567	5.113402062	5.121212121	4.915254237	5.319444444
menjerit	3.910447761	5.948453608	5.141414141	5.169491525	4.152777778
menjijikkan	3.014925373	5.422680412	4.676767677	4.86440678	4.916666667
menonton	5.955223881	4.546391753	5.737373737	5.322033898	3.708333333
menopang	5.955223881	4.226804124	5.575757576	5.169491525	4.388888889
mentah	3.76119403	4.298969072	4.828282828	5.033898305	3.680555556
menteri	5.164179104	4.701030928	5.212121212	5.254237288	3.166666667
menulis	6.059701493	4.618556701	5.696969697	5.728813559	3.402777778
menumis	5.71641791	4.670103093	5.333333333	4.93220339	3.694444444
menyakiti	2.430769231	6.107692308	5.095238095	4.876923077	5.90625
menyalibkan	2.846153846	5.969230769	4.955555556	2.830769231	5.0625
menyambar	3.646153846	4.861538462	4.888888889	4.138461538	4.78125
menyampaikan	4.861538462	4.061538462	6.044444444	5.230769231	5.484375
menyapa	6.230769231	4.338461538	5.666666667	5.584615385	4.8125
menyayangkan	4.061538462	4.784615385	4.733333333	4.692307692	5.28125
menyelamatkan	6.553846154	5.753846154	6.444444444	5.307692308	5.25
menyembuhkan	6.707692308	4.430769231	6.177777778	5.492307692	5.28125
menyembunyikan	3.861538462	4.446153846	5.333333333	4.569230769	6.03125
menyemprot	4.938461538	4.892307692	5.155555556	4.353846154	3.96875
menyenangkan	7.030769231	5.292307692	6.466666667	5.6	5.453125
menyesali	3.215384615	5.538461538	4.4	5.307692308	5.8125
menyesatkan	3.076923077	5.292307692	4.911111111	4.784615385	5.625
menyetrika	5.184615385	3.769230769	5.311111111	5.353846154	3.734375
menyiksa	2.353846154	6.430769231	4.6	3.846153846	5.15625
menyinggung	4.046153846	5.338461538	5.066666667	4.984615385	5.21875
menyukai	6.215384615	5.215384615	6.444444444	5.692307692	5.578125
menyusul	5.076923077	4.461538462	4.8	4.415384615	5.015625
merah	5.507692308	4.815384615	5.955555556	4.784615385	3.90625
meramu	5.015384615	4.507692308	5.2	4.276923077	5.3125
merantau	5.738461538	5.076923077	5.733333333	5.584615385	5.046875
merapat	4.815384615	4.030769231	5.4	4.784615385	4.296875
merawat	6.492307692	4.138461538	6.222222222	5.369230769	4.46875
mercu suar	5.430769231	4.569230769	5.6	4.123076923	2.625
merdeka	7.030769231	5.723076923	6.311111111	5.215384615	5.015625
meresapi	5.307692308	3.953846154	5.688888889	4.2	6.25
meriam	3.830769231	5.323076923	5.355555556	4.8	3.171875
merpati	6.046153846	3.584615385	5.488888889	4.292307692	2.515625
merusak	2.984615385	5.738461538	4.733333333	5.215384615	5.125
mesin	5.076923077	4.230769231	5.6	4.692307692	3.046875
mesra	6.123076923	5.384615385	5.711111111	5.523076923	4.90625
metode	5.384615385	4.369230769	6.044444444	5.369230769	4.828125
mewah	6.123076923	4.953846154	5.688888889	5.4	5.1875
militer	4.323076923	5.523076923	5.488888889	4.107692308	3.8125
mimpi	5.8	5.061538462	5.066666667	4.846153846	5.546875
mimpi buruk	3.138461538	5.846153846	4.288888889	4.507692308	6.109375
minat	6.323076923	5	6.355555556	5.415384615	5.703125
minuman	5.523076923	4.292307692	5.288888889	4.523076923	3.265625
minyak tanah	5.030769231	4.123076923	4.511111111	3.523076923	2.875
mistik	3.723076923	5.723076923	4.733333333	4.369230769	6.78125
mobil	5.892307692	4.276923077	5.822222222	4.938461538	2.875
mobilitas	5.353846154	4.892307692	5.288888889	3.984615385	5.90625
modar	3.569230769	5.015384615	4.8	3.6	4.96875
monyet	4.153846154	4.846153846	4.6	4.907692308	2.953125
moral	6.184615385	4.446153846	6.533333333	4.707692308	6.109375
motel	4.507692308	4.230769231	4.733333333	4.046153846	3.8125
muak	3.076923077	4.769230769	4.533333333	4.307692308	5.890625
mual	3.615384615	4.830769231	4.155555556	5.123076923	4.453125
muda	6.246153846	4.784615385	5.711111111	5.461538462	4.28125
mudah	6.815384615	4.430769231	5.666666667	6.061538462	5.640625
mulut	5.169230769	4.538461538	5.911111111	4.323076923	2.96875
muntah	4	5.430769231	4.088888889	4.153846154	3.3125
muram	3.969230769	4.384615385	5.088888889	4.246153846	4.65625
murka	2.846153846	6.092307692	5.333333333	4.030769231	5.765625
murni	6.507692308	4.076923077	5.155555556	4.861538462	5.265625
murung	3.061538462	4.015384615	4.844444444	4.492307692	4.703125
museum	5.415384615	4.046153846	5.488888889	5.461538462	2.796875
musik	6.307692308	5.261538462	6.088888889	5.353846154	4.03125
musim gugur	5.6	4.384615385	5.333333333	4.230769231	3.125
musim semi	6.384615385	4.907692308	5.555555556	4.169230769	3.875
muslihat	3.461538462	5.6	5.044444444	3.569230769	6.09375
mutasi	4.184615385	4.738461538	5.044444444	4.984615385	4.71875
nafsu	4.4	5.661538462	5.822222222	3.861538462	5.65625
naik darah	2.723076923	5.815384615	4.533333333	5.384615385	5.640625
naik pitam	2.723076923	6.215384615	5.088888889	3.8	5.21875
nama	6.230769231	4.307692308	5.6	5.384615385	4.171875
nanah	2.938461538	5.369230769	4.088888889	4.830769231	3.3125
napas	5.707692308	3.907692308	5.688888889	4.846153846	3.796875
narkotik	3	5.538461538	4.866666667	3.692307692	3.65625
nasi	6.092307692	4.369230769	5.511111111	4.6	3.109375
natal	5.123076923	5.184615385	5.533333333	4.938461538	4.84375
negara	5.123076923	4.569230769	5.222222222	4.569230769	3.609375
nektar	5.6	4.523076923	5.466666667	4.276923077	4.296875
neraka	2.430769231	5.907692308	4.444444444	4.430769231	5.3125
nestapa	3.707692308	4.430769231	5.155555556	4.4	6.109375
neurotik	4.061538462	5.415384615	4.422222222	5.015384615	5.71875
ngambek	3.107692308	5.292307692	5.511111111	4.784615385	4.78125
ngeri	3.138461538	6.076923077	4.288888889	4.969230769	5.359375
nyaman	6.938461538	3.723076923	6.177777778	4.876923077	5.6875
nyamuk	3.369230769	4.492307692	4.622222222	5.169230769	2.921875
nyeri	3.784615385	5.4	4.244444444	4.446153846	4.75
nyiur	5.353846154	4.384615385	5.266666667	6.215384615	5.21875
obat	5.184615385	4.969230769	5.866666667	6.523076923	3.109375
obesitas	3.661538462	5.292307692	4.311111111	3.938461538	3.734375
obsesi	5.123076923	5.015384615	5.777777778	4.723076923	5.875
olok-olok	3.353846154	5.307692308	4.822222222	4.030769231	4.78125
ombak	5.630769231	4.461538462	4.911111111	4.276923077	3.046875
omong kosong	3.492307692	5.061538462	4.711111111	4.492307692	5.53125
opini	5.507692308	4.307692308	6.333333333	5.430769231	5.875
opsi	5.446153846	3.830769231	5.311111111	4.6	4.75
optimisme	6.646153846	5.369230769	6.733333333	5.323076923	6.359375
orang	5.615384615	4.553846154	5.666666667	4.615384615	2.640625
orang-orang	5.338461538	4.415384615	6.022222222	4.815384615	2.875
orgasme	4.830769231	5.092307692	4.6	4.076923077	4.078125
orkestra	5.830769231	5.246153846	4.688888889	4.446153846	3.65625
otak	6.276923077	5.061538462	6.111111111	5.338461538	3.453125
pabrik	5	4.369230769	5.044444444	4.584615385	2.9375
pacar	5.369230769	5.323076923	5.844444444	5.369230769	3.203125
pai	5.6	4.538461538	5.444444444	4.707692308	3.625
pakaian	5.8	4.676923077	5.866666667	5.323076923	2.78125
palsu	3.430769231	5.461538462	4.355555556	4.646153846	4.90625
palu	4.907692308	4.123076923	5.777777778	4.461538462	2.625
palung	5.446153846	4.061538462	4.577777778	3.661538462	3.3125
paman	5.523076923	3.938461538	5.377777778	4.753846154	2.875
pamflet	4.707692308	3.892307692	5.022222222	4.861538462	3.0625
panah	5.092307692	5.2	5.911111111	3.907692308	2.984375
panda	6.138461538	4.276923077	5.155555556	5.076923077	2.953125
panik	4.092307692	5.076923077	4.688888889	5.153846154	4.984375
panitia	5.184615385	3.969230769	5.622222222	4.553846154	3.28125
pantai	5.876923077	4.492307692	5.422222222	5.630769231	3.203125
pantat	3.938461538	4.861538462	4.622222222	3.523076923	2.984375
panter	4.876923077	4.338461538	5	3.723076923	4.078125
papan	5.507692308	3.876923077	5.222222222	4.261538462	3.03125
paradigma	5.107692308	4.984615385	5.844444444	4.276923077	6.84375
parah	3.076923077	4.923076923	4.688888889	4.369230769	5.0625
parfum	5.430769231	4.646153846	5.822222222	4.646153846	3.046875
parlemen	4.492307692	4.6	5.355555556	4.461538462	4.859375
partai	4.461538462	4.707692308	5.933333333	5.230769231	4.09375
partai	4.569230769	4.830769231	5.311111111	3.8	4.109375
partisipasi	6.369230769	5.061538462	6.422222222	5.138461538	5.25
pasal	4.876923077	4.815384615	5.444444444	4	4.25
pasangan	5.984615385	5.169230769	5.6	4.784615385	3.671875
pasar	5.661538462	4.461538462	5.577777778	4.307692308	2.921875
pasien	4.676923077	4.4	4.422222222	4.938461538	2.921875
pasir	5.676923077	3.938461538	5.177777778	4.861538462	2.59375
pasta	5.415384615	4.969230769	4.8	4.6	3.03125
patah hati	3.507692308	4.938461538	4.244444444	4.369230769	5.84375
paten	5.830769231	4.784615385	5.711111111	4.415384615	6.078125
patriot	5.692307692	4.523076923	6.066666667	3.769230769	4.59375
patung	5.076923077	4.030769231	4.977777778	4.769230769	2.828125
paus	5.338461538	4.107692308	5.155555556	5.230769231	2.375
paviliun	5.523076923	4.246153846	5.844444444	3.938461538	3.125
payung	5.646153846	4.138461538	5.733333333	4.384615385	2.703125
pedas	4.769230769	5.138461538	5.333333333	5.246153846	4.734375
pejabat	4.815384615	5.076923077	4.844444444	4.692307692	2.8125
pekat	4.553846154	4.461538462	5.4	4.430769231	4.125
pekerjaan	6.092307692	5.184615385	5.422222222	4.969230769	4.046875
pelacur	2.153846154	7.030769231	4.111111111	4.4	3
pelan	4.615384615	3.861538462	5.444444444	5.553846154	5.09375
pelangi	6.276923077	4.646153846	5.155555556	4.369230769	3.15625
pelari	5.292307692	4.738461538	5.888888889	5.061538462	3.515625
pelayaran	5.292307692	4.630769231	5.2	5.107692308	4.21875
pelipis	5.276923077	4.261538462	4.977777778	4.246153846	2.609375
peluang	6.153846154	4.538461538	5.6	5.676923077	6.390625
peluit	5.061538462	4.015384615	5.2	5.076923077	2.75
peluk	6.230769231	4.461538462	5.977777778	4.753846154	4.125
pelukan	6.015384615	4.953846154	5.688888889	5.338461538	3.6875
peluru	4.123076923	4.738461538	5.422222222	4.646153846	2.75
pemain	5.692307692	4.292307692	5.2	4.8	2.71875
pemakaman	3.538461538	4.446153846	4.933333333	4.984615385	4.078125
pembantai	2.492307692	6.430769231	5.022222222	4.338461538	4.046875
pembantaian	2.123076923	6.846153846	4.622222222	4.461538462	4.4375
pembelot	3.676923077	6.076923077	5.2	4.523076923	4.5625
pemberontakan	3.661538462	5.784615385	5.133333333	3.876923077	4.953125
pembunuh	2.430769231	6.169230769	4.377777778	3.984615385	3.09375
pembunuhan	2.892307692	6.4	4.733333333	4.307692308	4.53125
pemenggal	3.215384615	6.246153846	4.466666667	3.169230769	3.046875
pemerasan	3.092307692	5.6	4.444444444	3.907692308	4.203125
pemerintah	4.846153846	4.846153846	5.644444444	5.030769231	3.828125
pemilu	4.846153846	4.661538462	5.377777778	4.984615385	4.0625
pemimpin	5.507692308	5.107692308	6.8	4.769230769	3.34375
pemuda	6.030769231	4.692307692	6	4.446153846	3
pemuka	5.615384615	4.353846154	5.488888889	3.846153846	4.328125
penalti	4.492307692	5.338461538	5	4.553846154	4.09375
penalti	5.015384615	5.2	4.933333333	4.492307692	3.984375
penari	5.784615385	4.538461538	5.6	4.784615385	2.703125
pencabut nyawa	2.984615385	5.630769231	4.844444444	3.984615385	5.421875
pencakar langit	5.707692308	5.292307692	5.333333333	4.123076923	4.984375
pencandu	3.323076923	4.938461538	4.444444444	4.107692308	3.625
pencukur	5.138461538	4.353846154	5.2	4.184615385	2.578125
penculikan	3.353846154	5.430769231	4.688888889	4.815384615	4.21875
pencundang	3.307692308	4.984615385	3.8	4.276923077	4.734375
pencuri	2.723076923	5.030769231	4.866666667	3.784615385	3.109375
penderitaan	2.984615385	5.553846154	4.355555556	4.784615385	5.578125
pendeta	5.061538462	4.215384615	5.222222222	4.353846154	2.953125
pendidikan	6.476923077	5.676923077	6.288888889	5.553846154	4.96875
penduduk	5.323076923	3.815384615	5.311111111	4.938461538	3.28125
penerimaan	6.184615385	4.753846154	6.177777778	4.769230769	4.671875
pengacau	2.676923077	5.384615385	4.777777778	4.030769231	4.15625
pengadilan	5.338461538	5.153846154	5.311111111	4.723076923	4.34375
pengamat	5.969230769	4.723076923	6.111111111	4.415384615	4.078125
pengaruh	4.784615385	5.046153846	5.733333333	5.415384615	5.9375
pengecut	3.061538462	4.584615385	4.288888889	3.969230769	5.015625
pengemis	3.953846154	4.646153846	4.466666667	5.215384615	3.1875
pengering	4.876923077	4.138461538	5.133333333	5.153846154	3.421875
pengetahuan	6.815384615	4.738461538	5.933333333	5.553846154	5.453125
penggawa	4.676923077	4.984615385	5.311111111	4.2	4.65625
penghapus	5.015384615	3.707692308	5.733333333	4.523076923	2.5625
penghargaan	6.6	4.707692308	5.933333333	4.938461538	4.203125
penghujatan	2.861538462	5.738461538	4.711111111	3.953846154	5.234375
pengkhianat	2.907692308	5.707692308	4.822222222	3.907692308	5.015625
pengki	4.553846154	3.861538462	5.266666667	4.215384615	3.703125
pengrusakan	2.938461538	5.738461538	5.311111111	4.615384615	4.140625
penguburan	3.292307692	4.769230769	4.666666667	5.061538462	3.765625
penipuan	2.907692308	5.846153846	4.911111111	4.430769231	4.8125
penis	4.430769231	5.076923077	4.8	3.369230769	3.0625
penistaan	2.8	5.261538462	4.777777778	4.538461538	5.765625
penjaga	5.307692308	4.184615385	5.422222222	4.830769231	3.234375
penjahat	2.876923077	5.369230769	4.955555556	4.630769231	3.453125
penjara	2.646153846	5.953846154	4.222222222	4.523076923	3.359375
penolakan	3.292307692	5.830769231	4.933333333	5.138461538	5.3125
pensil	5.415384615	4.046153846	5.6	6.030769231	2.53125
penulis	5.846153846	5.046153846	5.777777778	5.815384615	3.046875
penyakit	3.461538462	5.461538462	4.288888889	5.230769231	3.78125
penyalahgunaan	2.815384615	5.246153846	4.866666667	4.323076923	5.625
penyegar	6.476923077	4.769230769	5.688888889	4.307692308	4.671875
penyelam	5.323076923	4.723076923	5.377777778	3.923076923	3.015625
penyelamat	6.307692308	4.784615385	5.755555556	5.338461538	3.953125
penyelamatan	6.507692308	4.984615385	6.066666667	5.369230769	4.75
penyelia	4.876923077	4.661538462	5.444444444	4	5.375
penyepelean	3.369230769	5.092307692	4.377777778	4.6	6.171875
penyerangan	3.923076923	5.538461538	5	3.969230769	4.65625
penyerbu	3.923076923	5.046153846	4.8	4.276923077	3.78125
penyerbuan	3.169230769	5.692307692	5.066666667	4	4.609375
penyesalan	3.523076923	4.846153846	4.777777778	5.169230769	4.84375
penyiksaan	3	6.153846154	4.688888889	4.553846154	4.4375
perabot	5.6	4.123076923	5.2	4.615384615	2.984375
perahu layar	5.261538462	4.369230769	4.688888889	4.492307692	2.828125
perampok	2.6	5.584615385	4.444444444	4.4	3.0625
peranan	5.123076923	4.446153846	5.577777778	6.415384615	5.09375
perang	3.2	6.646153846	5.844444444	3.907692308	4.625
peranti	5.415384615	4.584615385	5.288888889	4	4.75
perasaan	5.769230769	4.476923077	5.711111111	4.830769231	5.890625
peraturan	5.246153846	5.015384615	5.288888889	5.246153846	4.609375
perawan	6.384615385	4.707692308	6.022222222	4.507692308	4.375
perawat	6.492307692	4.215384615	4.733333333	4.676923077	3.09375
perban	4.461538462	4.276923077	5.288888889	4.676923077	2.875
percaya	6.338461538	4.861538462	6.755555556	5.553846154	5.765625
percaya diri	6.292307692	4.876923077	6.666666667	5.276923077	5.734375
perdamaian	6.584615385	5.215384615	6.133333333	4.753846154	5.234375
perekam	4.953846154	3.953846154	5.755555556	5.707692308	3.109375
perempuan	6.384615385	4.523076923	5.533333333	5.384615385	2.921875
perenang	5.430769231	4.969230769	5.8	4.492307692	2.671875
pergelangan	5.646153846	4.169230769	5.444444444	4.4	2.984375
pergi	4.492307692	5.215384615	4.977777778	4.2	4.25
perilaku	5.723076923	4.184615385	5.733333333	4.553846154	3.546875
peristiwa	5.261538462	4.6	5.377777778	4.584615385	3.5
perjalanan	5.923076923	5.215384615	5.888888889	5.476923077	4.609375
perkakas	5.107692308	4.338461538	5.377777778	4.507692308	3.015625
perkasa	5.8	5.153846154	5.711111111	5.046153846	5.71875
perkawinan	6.507692308	5.523076923	6.444444444	4.246153846	4.390625
perkosaan	2.261538462	6.907692308	4.733333333	4.661538462	4.796875
perlindungan	6.523076923	4.184615385	5.733333333	4.846153846	4.484375
permainan	6.338461538	5.076923077	5.8	5	4.15625
permata	6.476923077	4.307692308	5.177777778	5.046153846	3.203125
permen	5.907692308	4.292307692	5.711111111	5.169230769	2.484375
pernyataan	5.292307692	4.723076923	5.422222222	4.830769231	4.65625
persegi	4.846153846	3.876923077	5.511111111	4.307692308	3.640625
persoalan	4.369230769	4.892307692	5.644444444	5.246153846	5.734375
pertanian	5.6	4.738461538	5.088888889	4.8	4.03125
pertanyaan	4.476923077	4.492307692	4.933333333	5.092307692	4.75
perut	5.615384615	4.046153846	5.355555556	4.384615385	2.984375
pesawat	5.815384615	4.861538462	5.333333333	5.230769231	2.71875
pesenam	5.323076923	4.184615385	5.644444444	4.692307692	3.171875
pesisir	5.584615385	4.415384615	4.933333333	5.215384615	3.015625
pesona	5.969230769	5.138461538	5.466666667	4.215384615	5.78125
pesta	5.615384615	5.246153846	5.755555556	4.615384615	3.9375
peti mati	3.707692308	5.369230769	3.977777778	4.261538462	2.6875
petinju	4.769230769	5.107692308	5.444444444	4.492307692	2.90625
petir	4.076923077	5.446153846	5.377777778	3.784615385	3.1875
petualangan	6.230769231	5.276923077	5.888888889	5.030769231	4.625
petugas	4.6	4.338461538	5.2	4.353846154	3.046875
piala	5.8	4.430769231	6.488888889	5.092307692	2.765625
piaraan	5.553846154	4.6	4.777777778	4.738461538	3.296875
pidana	3.815384615	4.953846154	5.355555556	5.061538462	5.125
pikiran	5.923076923	4.784615385	5.733333333	4.769230769	5.9375
pilihan	5.846153846	4.230769231	5.511111111	5.446153846	4.84375
pilu	3.430769231	5	4.511111111	4.123076923	6.09375
pintu	5.338461538	3.907692308	5.4	5	3.1875
pipa	5.292307692	3.646153846	6.044444444	4.738461538	2.875
pipi	5.815384615	4.107692308	4.955555556	5.723076923	2.75
pirang	5.046153846	4.215384615	5.133333333	5.061538462	3.34375
pisau	4.476923077	5.076923077	5.177777778	4.030769231	2.890625
pistol	3.6	5.446153846	4.555555556	3.769230769	2.671875
piton	4.415384615	5.676923077	5.177777778	4.276923077	3.421875
planet	6.123076923	4.015384615	4.955555556	4.861538462	3.234375
pohon	6.061538462	4.215384615	5.355555556	4.738461538	3
polisi	4.461538462	4.615384615	5.4	5.523076923	3.515625
polos	5.738461538	4.076923077	4.977777778	4.969230769	5.390625
pondok	5.292307692	4.2	5.6	4.169230769	2.9375
pos	5.307692308	4.369230769	5.111111111	4.430769231	3.390625
poster	5.415384615	4.261538462	5.844444444	5	2.71875
praktik	5.646153846	4.707692308	5.777777778	5.430769231	3.421875
praktikum	5	5.523076923	5.355555556	5.769230769	3.53125
preman	2.738461538	5.092307692	5.4	4.123076923	3.359375
presiden	5.215384615	4.8	5.911111111	4.6	2.859375
prestasi	6.815384615	5.292307692	6.133333333	5.107692308	4.40625
pria	5.692307692	4.892307692	6.511111111	5.015384615	3.03125
prihatin	5.276923077	5.030769231	4.733333333	4.8	5.375
privasi	5.938461538	4.107692308	5.933333333	4.753846154	5.734375
produk	5.907692308	4.646153846	5.288888889	5.015384615	3.1875
produktif	6.430769231	5.261538462	5.777777778	5	5.140625
profit	6.015384615	4.723076923	5.933333333	4.092307692	4.40625
promosi	4.8	5.061538462	5.755555556	4.707692308	4.6875
protes	4.553846154	5.138461538	5.288888889	4.923076923	5.109375
provinsi	5.953846154	4.123076923	5.133333333	4.553846154	3.25
puas	6.753846154	4.938461538	5.311111111	5.415384615	5.5
puisi	6.307692308	4.338461538	5.711111111	5.246153846	4.453125
pulau	5.969230769	4.046153846	5.466666667	4.338461538	2.984375
pulpen	5.476923077	3.907692308	5.711111111	5.246153846	2.421875
puntung	3.884615385	4.75	4.985714286	5.347222222	3.643835616
pupuk	5.205128205	3.928571429	4.971428571	5.902777778	2.97260274
pusar	5.230769231	4.130952381	4.628571429	5.361111111	3.068493151
pusing	3.935897436	5.464285714	4.857142857	5.236111111	4.95890411
putih	5.987179487	4.273809524	5.3	5.930555556	4.136986301
puting	5.192307692	4.94047619	5.1	5.069444444	3.054794521
putra	6.192307692	4.666666667	5.085714286	6.111111111	3.602739726
putri	6.128205128	4.69047619	5.414285714	5.861111111	3.356164384
putus	4.179487179	5.773809524	4.685714286	4.944444444	4.726027397
putus asa	2.935897436	4.178571429	4.342857143	5.388888889	5.931506849
rabies	2.871794872	5.94047619	4.542857143	4.625	4.767123288
racun	3.5	5.69047619	4.828571429	4.972222222	3.630136986
radiator	4.474358974	4.369047619	5.142857143	5.263888889	3.054794521
radio	6.256410256	4.630952381	5.771428571	5.638888889	3.109589041
radioaktif	4.282051282	5.273809524	5.057142857	4.875	4.095890411
raja	5.397435897	4.619047619	5.542857143	5.75	3.493150685
ramah	6.256410256	4.726190476	6.185714286	5.388888889	5.465753425
rapi	5.807692308	4.047619048	5.628571429	5.555555556	4.97260274
rasa	5.91025641	4.869047619	5.514285714	5.305555556	5.917808219
ratu	6.256410256	4.94047619	5.285714286	6.152777778	3.534246575
rawa	4.987179487	4.416666667	5.128571429	5.375	3.123287671
rayap	4.692307692	4.69047619	5.371428571	5.694444444	3.479452055
razia	4.358974359	5.583333333	4.771428571	4.888888889	4.397260274
redam	5.333333333	4.297619048	4.914285714	4.777777778	5.054794521
referendum	4.58974359	4.547619048	4.557142857	5.555555556	4.438356164
reformasi	5.461538462	4.988095238	5.085714286	5.541666667	4.876712329
remuk	3.525641026	5.238095238	4.528571429	5.25	4.589041096
rendah	4.538461538	4.321428571	4.871428571	6.222222222	5.095890411
rendah hati	6.08974359	4.642857143	5.785714286	5.666666667	5.684931507
rendang	6.076923077	4.892857143	5.3	5.138888889	2.767123288
reptil	5.269230769	4.595238095	5.028571429	5.472222222	3.342465753
resah	3.5	5.285714286	4.814285714	5.055555556	5.767123288
resep	5.461538462	3.880952381	5.342857143	5.569444444	3.726027397
restoran	6.102564103	4.678571429	5.242857143	5.472222222	3.04109589
reuni	5.756410256	5.130952381	5.857142857	5.555555556	4.917808219
revolusi	5.653846154	4.880952381	4.928571429	4.916666667	4.739726027
revolver	4.448717949	4.773809524	5.185714286	4.708333333	3.794520548
riang	6.538461538	6.083333333	6.042857143	5.680555556	5.534246575
rileks	6.512820513	3.952380952	5.785714286	5.444444444	5.246575342
rinci	5.269230769	4.738095238	5.514285714	5.5	5.191780822
rindu	5.58974359	5.30952381	4.971428571	5.333333333	5.301369863
ring	5.217948718	4.678571429	5.142857143	5.361111111	3.561643836
rintangan	4.487179487	5.369047619	5.128571429	4.972222222	5.452054795
risau	4.551282051	5.285714286	4.585714286	5.458333333	5.602739726
risiko	4.653846154	5.178571429	5.242857143	5.194444444	4.917808219
roket	4.948717949	4.904761905	5.057142857	5.625	3.315068493
romantis	6.692307692	5.44047619	5.528571429	5.444444444	5.369863014
rompi	5.602564103	3.845238095	5	5.708333333	2.493150685
rongsokan	4.179487179	4.547619048	4.757142857	5.388888889	3.424657534
ruang	5.525641026	4.369047619	5.3	5.625	3.712328767
ruangan	5.692307692	4.607142857	5.5	5.694444444	3.232876712
rumah	6.525641026	4.797619048	5.471428571	5.555555556	2.876712329
rumah sakit	4.884615385	4.785714286	4.871428571	5.805555556	3.273972603
rumput	5.730769231	4.202380952	4.971428571	5.597222222	2.602739726
rusak	3.294871795	5	4.885714286	5.319444444	4.287671233
rusuh	3.371794872	5.392857143	5.157142857	5.277777778	4.808219178
saat	5.166666667	4.297619048	5.671428571	5.111111111	5.630136986
sabar	6.064102564	4.416666667	5.842857143	5.541666667	5.520547945
safir	5.217948718	4.785714286	5.085714286	4.791666667	3.794520548
sakit	3.705128205	5.119047619	4.314285714	5.527777778	4.821917808
sakit gigi	4.012820513	5.166666667	4.985714286	5.041666667	4.178082192
sakit hati	3.525641026	5.761904762	4.914285714	5.777777778	5.849315068
sakit kepala	3.525641026	5.321428571	4.814285714	5.305555556	5.136986301
salad	5.743589744	4.321428571	5.557142857	6.083333333	2.575342466
salah	3.782051282	5.595238095	4.614285714	5.347222222	5.123287671
salam	6.512820513	4.773809524	5.414285714	5.527777778	4.383561644
saleh	6.076923077	4.738095238	5.657142857	5.777777778	5.397260274
salju	6.153846154	5.583333333	4.9	4.986111111	3.424657534
sampah	3.435897436	5.464285714	4.957142857	5.694444444	2.95890411
samudera	5.884615385	4.702380952	5.1	5.555555556	3.808219178
sandera	3.41025641	5.107142857	4.8	4.583333333	3.98630137
sanggama	4.615384615	4.904761905	5.157142857	4.486111111	4.315068493
santo	4.923076923	4.464285714	4.928571429	4.652777778	4.835616438
sapi	5.551282051	4.297619048	5.5	5.833333333	2.726027397
saputangan	5.461538462	3.880952381	4.942857143	6.083333333	2.808219178
saraf	5.333333333	4.738095238	5.214285714	5.513888889	3.739726027
sari	6	4.226190476	4.771428571	4.75	4.178082192
sarjana	6.435897436	5.869047619	5.771428571	5.888888889	4.643835616
sate	6.166666667	4.595238095	5.228571429	5.916666667	3.02739726
satelit	5.576923077	4.583333333	5	5	3.767123288
satpam	5.551282051	4.5	4.8	5.708333333	2.835616438
satuan	5.166666667	4.154761905	4.828571429	5.513888889	5.178082192
saudara	6.153846154	4.678571429	5.785714286	6.5	3.356164384
saus	5.666666667	4.595238095	5.185714286	5.472222222	2.863013699
sawah	6.641025641	4.035714286	5.157142857	5.5	3.232876712
sayang	6.679487179	5.357142857	6.2	5.847222222	5.821917808
sayur	5.525641026	3.904761905	5.428571429	5.944444444	3
sebal	3.435897436	5.083333333	5.2	5.486111111	6.164383562
sederhana	6.08974359	4.380952381	5.928571429	5.25	5.410958904
sedih	2.897435897	4.107142857	4.685714286	5.402777778	5.575342466
segitiga	4.961538462	4.44047619	5.357142857	6.041666667	3.808219178
sejarah	6.153846154	4.80952381	5.014285714	6.069444444	5.383561644
sekarat	3.807692308	5.476190476	3.842857143	4.5	5.191780822
sekolah	6.153846154	4.904761905	5.642857143	5.888888889	3.246575342
seks	5.41025641	5.166666667	5.285714286	5.847222222	5.01369863
seksi	5.730769231	5.166666667	5.585714286	6.055555556	5.109589041
sel	4.217948718	4.714285714	4.7	4.833333333	3.589041096
selera	5.782051282	4.761904762	5.557142857	5.222222222	5.589041096
selingkuh	3.615384615	5.845238095	4.985714286	5.333333333	5.287671233
semangat	6.166666667	5.321428571	5.842857143	5.902777778	4.97260274
sembahyang	6.08974359	4.845238095	5.371428571	5.694444444	4.657534247
semesta	6.320512821	4.726190476	5.314285714	5.777777778	4.643835616
senam	5.346153846	4.797619048	5.457142857	5.486111111	3.98630137
senang	7.653846154	6.333333333	5.771428571	5.361111111	5.452054795
senapan	4.179487179	5.464285714	5.157142857	5.708333333	3.095890411
sendiri	5.179487179	5.107142857	5.028571429	5.458333333	4.616438356
sendu	4.141025641	4.154761905	4.585714286	5.291666667	5.493150685
senewen	4.076923077	5.130952381	4.642857143	4.666666667	5.164383562
sengit	4.307692308	5.345238095	5.7	4.916666667	5.123287671
seni	6.076923077	5.107142857	5.842857143	5.5	5.123287671
senja	5.91025641	4.416666667	5.078571429	5.555555556	4.424657534
senjata	3.871794872	5.583333333	5.485714286	5.791666667	2.904109589
sentimen	3.846153846	5.488095238	5.042857143	5.083333333	5.684931507
senyawa	5.371794872	4.404761905	5.057142857	5.166666667	4.739726027
sepakbola	6.166666667	4.75	5.757142857	5.944444444	3.575342466
sepi	3.679487179	4.785714286	4.985714286	5.625	5.863013699
sepupu	5.935897436	4.214285714	4.971428571	5.847222222	3.328767123
serangga	4.833333333	4.511904762	4.771428571	6.069444444	2.767123288
serigala	5.025641026	5.773809524	5.085714286	5.569444444	3.273972603
seringai	4.423076923	5.166666667	4.971428571	5.305555556	5.054794521
serius	5.858974359	5.416666667	6.114285714	5.5	5.04109589
serong	4.166666667	4.452380952	4.914285714	4.916666667	4.767123288
sertifikat	6.025641026	4.619047619	5.485714286	5.805555556	3.082191781
sesal	3.653846154	4.988095238	4.842857143	5.152777778	5.452054795
setan	3.730769231	5.773809524	5.028571429	4.625	5.726027397
setia	6.41025641	4.928571429	6.228571429	5.597222222	6
sia-sia	3.384615385	5.55952381	4.6	5.194444444	5.835616438
siang	5.474358974	4.797619048	5.242857143	5.972222222	4.383561644
sibuk	4.717948718	5.202380952	5	5.541666667	5.164383562
siku	5.41025641	4.333333333	5.157142857	5.25	3.767123288
simpati	5.538461538	4.642857143	5.814285714	5.541666667	5.383561644
simpul	5.512820513	4.583333333	5.028571429	5.75	4.136986301
sinar	6.58974359	4.392857143	5.214285714	5.319444444	3.98630137
singa	4.884615385	5.05952381	5.114285714	5.583333333	3.068493151
sinis	3.512820513	5.333333333	4.971428571	5.958333333	5.520547945
sinting	3.833333333	5.083333333	4.9	5.222222222	5.123287671
sipilis	3.346153846	5.142857143	4.542857143	5.319444444	4.301369863
sirkus	5.564102564	4.678571429	5.214285714	5.388888889	3.452054795
sistematis	5.858974359	4.952380952	5.742857143	5.805555556	4.780821918
skandal	3.807692308	5.297619048	4.485714286	4.930555556	5.095890411
skeptis	4.641025641	5.30952381	5.228571429	5.666666667	5.630136986
sok	3.115384615	5.226190476	5.214285714	5	5.739726027
sombong	3.756410256	4.976190476	5.228571429	4.625	5.602739726
sosial	5.692307692	4.702380952	5.514285714	5.402777778	5.424657534
spanduk	5.294871795	4.107142857	5.171428571	5.986111111	3.095890411
spidol	5.166666667	4.238095238	5.542857143	6.055555556	2.616438356
stadion	5.448717949	4.55952381	5.128571429	5.333333333	3.287671233
stasiun	5.307692308	4.785714286	5.285714286	5.430555556	3.260273973
stres	3.692307692	5.595238095	4.457142857	5.208333333	5.438356164
suap	4.41025641	4.75	4.885714286	5.263888889	4.780821918
sudut	5.461538462	4.69047619	5.228571429	5.388888889	4.273972603
suguhan	5.730769231	4.380952381	5.285714286	4.5	4.136986301
suka	6	6.333333333	5.742857143	5.222222222	5.178082192
sukacita	6.897435897	6.69047619	6.2	4.958333333	5.767123288
sukarela	6.038461538	4.666666667	5.814285714	5.416666667	5.191780822
sukaria	6.333333333	6.285714286	5.757142857	5.652777778	5.493150685
sukses	6.615384615	6.488095238	6.385714286	5.555555556	5.054794521
sumbat	3.743589744	4.880952381	4.8	5.055555556	4.424657534
sundal	2.602564103	6.404761905	4.571428571	4.152777778	4.739726027
sungai	5.794871795	3.976190476	5.385714286	6.236111111	2.753424658
sup	6.217948718	4.571428571	5.585714286	5.555555556	3.191780822
supel	5.91025641	5	5.371428571	5.125	5.287671233
supermarket	6.205128205	5.047619048	5.457142857	5.208333333	3.232876712
suram	3.538461538	4.154761905	5.085714286	5.166666667	5.438356164
surat	5.974358974	4.773809524	5.642857143	5.833333333	2.726027397
surga	7.128205128	6.55952381	5.7	5.277777778	5.917808219
survei	5.41025641	4.619047619	5.6	5.472222222	4.534246575
susah	2.743589744	4.880952381	4.485714286	5.277777778	5.164383562
susu	6.128205128	4.547619048	5.571428571	6.194444444	3.136986301
sutra	5.628205128	4.142857143	5.257142857	5.277777778	3
tabah	6.205128205	4.404761905	5.971428571	5.25	5.904109589
tabrakan	3.397435897	5.595238095	4.528571429	4.527777778	4.904109589
tahu	5.512820513	4.297619048	5.285714286	5.5	4.657534247
tajam	4.461538462	5.5	5.242857143	5.305555556	4.589041096
tak acuh	3.717948718	4.202380952	5.028571429	5.125	5.712328767
takjub	6.282051282	5.202380952	5.057142857	5.041666667	5.671232877
taksi	4.884615385	4.261904762	5	5.708333333	2.945205479
takut	4.115384615	5.880952381	3.742857143	5.097222222	5.753424658
takzim	4.628205128	5.083333333	4.871428571	5.5	5.342465753
tali	5.333333333	4.238095238	5.642857143	6.097222222	2.917808219
taman	6.064102564	4.69047619	5.271428571	5.805555556	2.863013699
tampan	6.269230769	5.25	5.328571429	5.583333333	5.232876712
tamparan	2.987179487	6.178571429	4.6	4.833333333	3.849315068
tanah	5.487179487	4.857142857	5.142857143	6.069444444	2.917808219
tanah air	5.935897436	4.821428571	5.985714286	5.694444444	4.534246575
tanaman	6.179487179	4.142857143	5.385714286	6	2.945205479
tangan	5.987179487	4.333333333	5.785714286	5.680555556	2.684931507
tangga	4.961538462	3.988095238	5.171428571	5.944444444	3.260273973
tangkas	6.012820513	4.630952381	5.771428571	5.138888889	5.397260274
tangki	5.333333333	4.273809524	5.171428571	5.208333333	3.438356164
tank	4.371794872	5.023809524	5.228571429	5.097222222	2.753424658
tarif	5.115384615	4.845238095	5.1	5.583333333	4.424657534
taring	4.346153846	5.297619048	5.371428571	5.569444444	2.904109589
taufan	4.58974359	5.083333333	4.885714286	4.680555556	4.410958904
tawa	6.435897436	5.071428571	6.1	5.833333333	4.726027397
tawanan	2.641025641	5.523809524	4.171428571	4.861111111	3.945205479
tawon	4.743589744	4.821428571	4.685714286	5.486111111	2.863013699
tegang	3.961538462	5.44047619	5.228571429	4.916666667	5.260273973
tekanan	4.141025641	5.428571429	4.728571429	5.305555556	4.808219178
telanjang	3.641025641	5.154761905	5.271428571	5.277777778	4.164383562
telat	3.346153846	5.619047619	5.171428571	5.583333333	5.397260274
telepon	5.846153846	4.785714286	5.4	5.805555556	2.753424658
teluk	5.628205128	4.261904762	4.657142857	4.958333333	3.808219178
telur	5.730769231	4.178571429	5.242857143	5.625	2.794520548
teman	6.243589744	4.845238095	5.514285714	5.666666667	3
tembakan	3.128205128	5.869047619	4.642857143	5.055555556	4.424657534
tembakau	4.128205128	4.678571429	4.857142857	5.513888889	2.931506849
tempat	5.038461538	4.202380952	5.785714286	5.527777778	4.136986301
tempe	5.961538462	4.535714286	4.885714286	5.541666667	2.794520548
tempo	5.397435897	4.583333333	5.328571429	5.5	4.849315068
tendangan	4.435897436	4.642857143	5.514285714	5.638888889	4.082191781
tenggelam	3.935897436	5.428571429	4.185714286	4.847222222	4.260273973
tengik	3.5	5.380952381	4.785714286	5.305555556	5.219178082
tengkorak	3.833333333	5.321428571	5.157142857	5.25	3.369863014
tenis	5.653846154	4.285714286	5.271428571	5.902777778	3.095890411
tentara	4.307692308	5.44047619	4.985714286	5.888888889	3.260273973
tenteram	6.358974359	3.035714286	5.442857143	5.25	5.561643836
teori	5.493589744	4.476190476	5.35	5.555555556	5.452054795
tepuk tangan	6.307692308	5.130952381	5.671428571	5.75	3.945205479
terangsang	5.371794872	6.071428571	4.971428571	5.013888889	5.465753425
terbenam	5.102564103	4.571428571	4.742857143	5.569444444	4.849315068
terbit	6.051282051	4.607142857	5.414285714	5.541666667	4.383561644
terbuai	5.743589744	4.130952381	4.771428571	5.263888889	5.589041096
terganggu	3.525641026	5.488095238	5.342857143	5.444444444	5.520547945
terhibur	6.333333333	5.25	5.6	5.513888889	5.438356164
terinspirasi	6.730769231	5.142857143	5.228571429	5.513888889	5.356164384
terkejut	5.217948718	6.071428571	4.642857143	5.055555556	5.328767123
terkenal	6.038461538	5.642857143	5.585714286	5.388888889	5.410958904
terkepung	3.923076923	5.44047619	4.742857143	5.208333333	4.808219178
terkesan	6.423076923	4.821428571	4.914285714	5.180555556	5.342465753
terkesiap	4.474358974	6.071428571	4.871428571	4.972222222	5.369863014
terluka	3.064102564	5.226190476	4.842857143	5.125	5.01369863
termometer	5.564102564	4.630952381	4.5	5.125	3.452054795
terompet	5.474358974	4.845238095	5.185714286	5.402777778	2.643835616
teroris	2.512820513	6.19047619	4.842857143	4.819444444	3.821917808
terperanjat	4.974358974	6.083333333	4.771428571	4.902777778	5.095890411
terpesona	6.333333333	5.392857143	5.471428571	5.430555556	5.369863014
terpikat	5.743589744	5	5.2	4.666666667	5.630136986
terpisah	4.153846154	5.178571429	4.557142857	4.638888889	5.616438356
tersentuh	6.384615385	5.285714286	5.314285714	5.541666667	4.98630137
tersinggung	3.846153846	5.535714286	4.728571429	5.416666667	5.465753425
tersipu	4.987179487	4.797619048	5.271428571	5.111111111	5.589041096
tertarik	6.051282051	4.952380952	5.657142857	5.388888889	5.219178082
tertekan	3.538461538	5.642857143	4.785714286	5.555555556	5.342465753
terwelu	4.615384615	4.369047619	4.671428571	4.444444444	5
tetek	4.564102564	4.869047619	4.8	5.041666667	3.383561644
tidur	6.641025641	4.071428571	5.271428571	5.638888889	3.95890411
tikus	3.794871795	4.773809524	4.871428571	5.277777778	2.671232877
tim	6.115384615	4.880952381	5.7	6.222222222	4.123287671
tinju	4.602564103	4.761904762	5.214285714	5.402777778	3.97260274
tinta	5.333333333	4.178571429	5.028571429	5.583333333	3.232876712
tirai	5.653846154	4.119047619	5.457142857	5.736111111	2.767123288
toko	5.602564103	4.535714286	4.971428571	5.861111111	2.95890411
tolol	2.717948718	5.321428571	4.514285714	4.694444444	5.164383562
tompel	4.179487179	4.511904762	4.785714286	5.430555556	3.424657534
tong	5.423076923	3.80952381	5.228571429	5.347222222	2.876712329
tongkat kruk	5.076923077	4.392857143	4.5	4.625	3.547945205
topan	4.064102564	5.142857143	4.442857143	4.319444444	4.136986301
topi	5.5	3.869047619	5.528571429	5.694444444	2.98630137
tornado	3.628205128	6.119047619	4.7	5	3.767123288
tradisi	5.538461538	5.261904762	4.914285714	5.222222222	5.493150685
tragedi	3.5	5.654761905	4.628571429	5.361111111	5.082191781
trauma	3.397435897	5.773809524	4.785714286	4.958333333	5.712328767
truk	5.141025641	4.511904762	5.2	5.722222222	3.205479452
tua	5.217948718	4.857142857	5.128571429	5.708333333	4.342465753
tubuh	6.192307692	4.761904762	5.471428571	5.944444444	2.794520548
tuhan	6.192307692	5.5	5.4	5.111111111	5.273972603
tulus	6.397435897	4.928571429	6.157142857	5.152777778	5.684931507
tumor	3.794871795	5.630952381	4.685714286	4.638888889	3.671232877
tunai	6.051282051	4.488095238	5.4	6.055555556	3.767123288
tungku	4.91025641	4.452380952	5.3	5.430555556	2.890410959
uang	6.243589744	5	5.828571429	5.888888889	3.178082192
udara	6.782051282	4.666666667	5.014285714	5.583333333	4.493150685
ulama	4.833333333	4.869047619	5.342857143	5.597222222	3.671232877
ulang tahun	5.807692308	5.166666667	5.342857143	6.111111111	4.589041096
ular	3.858974359	4.892857143	4.871428571	5.277777778	3.136986301
undang-undang	5.269230769	4.738095238	5.428571429	6.125	4.068493151
urusan	5.525641026	4.857142857	5.628571429	5.875	5.534246575
usia	5.974358974	4.511904762	4.757142857	5.555555556	4.369863014
usil	4.346153846	5.214285714	5.6	5.111111111	5.301369863
usus	5.576923077	4.119047619	5.257142857	5.819444444	3.273972603
utang	3.615384615	5.571428571	5.285714286	5.319444444	4.616438356
vagina	5.423076923	4.761904762	4.857142857	5.791666667	2.917808219
vampir	4.064102564	5.30952381	4.885714286	4.694444444	5.479452055
vandal	4.474358974	4.928571429	5.128571429	4.333333333	5.205479452
vila	5.371794872	4.226190476	5.314285714	5.777777778	2.808219178
visi	6.038461538	4.797619048	6.085714286	5.541666667	5.232876712
wajah	6.025641026	4.761904762	5.685714286	5.430555556	2.397260274
waktu	5.487179487	4.904761905	5.785714286	5.222222222	5.02739726
walikota	4.871794872	4.69047619	5.214285714	5.208333333	3.301369863
wanita	6.166666667	4.880952381	5.371428571	6.083333333	3.465753425
warna	6.217948718	5.071428571	5.585714286	5.777777778	3.97260274
wartawan	5.346153846	4.547619048	5.128571429	5.625	3.150684932
warung	5.5	4.095238095	5.057142857	5.375	2.849315068
waspada	5.641025641	5.416666667	5.542857143	4.708333333	5.383561644
waswas	3.192307692	5.904761905	4.942857143	4.930555556	6.04109589
yakin	6.038461538	4.904761905	5.828571429	5.736111111	5.342465753
yoga	5.794871795	3.988095238	5.157142857	5.666666667	4.397260274
