word	lexical decision time	naming time	auditory	gustatory	haptic	olfactory	visual	modality exclusivity
abbaglio	662.3928571	522.5	0.53	0.04	0.11	0.11	4.53	84.39849624
abbandonato	650.5666667	531.5185185	1.53	0.23	0.91	0.63	4.16	52.68096515
abbondanza	643.5517241	516.1666667	1.32	1.37	2.42	1.02	4.26	31.18383061
abbraccio	599.7	504.7931034	1.09	0.11	4.67	1.37	4.23	39.75588492
abete	603.0357143	470.8888889	0.81	0.21	3.56	3.09	4.81	36.85897436
abitante	632.1851852	508.6666667	2.25	0.02	1.32	0.58	3.75	47.0959596
abitazione	666.9310345	528.7857143	1.56	0.21	2.6	1.7	4.75	41.95933457
abito	530.3448276	488.4285714	0.4	0.02	4.37	0.86	4.86	46.05137964
abitudini	676.7586207	491.9615385	2.19	1.18	1.25	1.12	2.93	20.87658593
aborto	612.6	528.1785714	1.72	0.09	1.04	0.42	2.96	46.06741573
abuso	593.7142857	471.4444444	3.19	0.35	2.07	0.44	3.77	34.82688391
accettazione	704.1071429	505.3703704	2.75	0.12	0.68	0.2	3.02	42.83604136
accogliente	700.9	524.1851852	3.09	0.7	1.98	1.68	4.02	28.94507411
accomodante	692.4827586	578.4615385	2.73	0.21	1.02	0.32	3.2	39.97326203
accordo	565.4482759	510.5185185	3.63	0.23	1.05	0.16	2.82	43.97972117
acqua	542.8333333	481.5185185	3.26	3.82	3.98	0.56	4.72	25.45899633
adorabile	707.3928571	554.8928571	3.02	1.23	1.91	1.46	4.19	25.0635055
adulto	571.6333333	443.8214286	3.4	0.28	1.86	0.93	4.47	38.29981718
aereo	690.8333333	531.3928571	3.91	0.11	1.88	0.96	4.65	39.44396177
affamato	669.9655172	494.5862069	2.53	1.02	0.88	0.41	3.56	37.5
affascinare	662.2592593	523	3.04	0.82	1.09	1.51	3.79	28.97560976
affaticato	672.9310345	589.5517241	3.21	0.12	1.12	0.35	4.18	45.21158129
affetto	650.8965517	518.5555556	3.36	0.71	2.82	0.86	3.57	25.26501767
afflizione	743.6363636	645.5	2.72	0.02	0.68	0.13	3.23	47.34513274
affogare	643.4333333	510.5925926	2.75	0.77	2	0.66	3.89	32.0754717
aggressione	600.6551724	520.5384615	3.79	0.19	2.56	0.33	4.26	36.56783468
aggressivo	616.1	509.9259259	3.95	0.7	2.11	0.88	4.19	29.50126796
agile	661.7307692	511.3214286	1.05	0	1.26	0	4.3	65.05295008
agilità	572.4	463.7777778	0.85	0.08	1.45	0.02	4.25	63.60902256
agnello	660.137931	526.4	3.6	3.3	3.61	2.53	4.7	12.23224352
ago	579.9	462.8928571	0.4	0.09	4.7	0.07	4.67	46.62638469
agonia	666.6785714	497.8571429	3.56	0.37	1.11	0.39	3.77	36.95652174
alba	582.75	470.9642857	0.6	0.04	0.11	0.35	4.96	81.18811881
albero	598.0689655	505.25	1.42	0.3	4.04	2.44	4.81	34.66564181
alcolista	616.5517241	547.2142857	2.89	0.51	0.88	2.86	4.21	32.59911894
alieno	659.2962963	516.7142857	2.12	0.48	1.23	0.67	3.3	36.15384615
allegro	606.1	495.5517241	3.95	0.33	0.74	0.4	4.21	40.29075805
allergia	656.6296296	533.0666667	1.88	0.68	1.49	1.37	3.58	32.22222222
allerta	674.6428571	562.7241379	3.32	0.39	0.98	0.82	3.43	34.00447427
amato	582.8275862	498.3076923	3.52	1.3	2.84	1.41	3.91	20.10785824
ambizione	676.0333333	534.1428571	2.34	0.18	0.16	0.14	2.61	45.48802947
ambulanza	580.4285714	502.7037037	4.82	0.02	2	0.56	4.72	39.6039604
amichevole	648.2758621	544.5517241	3.58	0.47	1.75	0.68	3.72	31.8627451
amico	562.0344828	473.7777778	3.96	0.19	3	1.51	4.53	32.90371494
ammirato	675.84	548.5185185	2.8	0.16	0.55	0.27	3.5	45.87912088
amore	558.25	482.3214286	3.33	1.44	2.72	1.81	3.54	16.35514019
angelo	568.1	485.88	1.25	0.09	0.58	0.25	2.07	46.69811321
angolo	602.2758621	477.0357143	0.25	0	3.39	0.12	4.7	55.55555556
angosciato	711	551.0740741	3.65	0.16	0.86	0.3	3.72	40.96662831
animale_domestico	715.9	592.1538462	4.09	0.35	4.26	3.09	4.79	26.77925211
annoiato	590.6551724	522.4482759	3.12	0.12	0.33	0.18	3.88	49.27916121
ansioso	577.1333333	472.3846154	3.79	0.12	0.98	0.28	3.96	42.05914567
apatico	763.96	510.6538462	2.82	0.12	0.58	0.11	3.42	46.95035461
ape	607.7037037	478.7586207	4.07	0.07	2.59	0.28	4.68	39.43541488
appendiabiti	1013.391304	684.8148148	0.38	0.04	3.89	0.05	4.71	51.48842337
appetitoso	720.862069	548.0344828	0.88	4.65	1.72	3.93	4.19	24.52830189
applauso	570.8571429	487.5517241	4.82	0.02	2.75	0.04	4.07	41.02564103
apprendere	672.1034483	640.2413793	3.64	1.18	1.66	1.23	3.29	22.36363636
arcobaleno	619.6896552	471.2592593	0.09	0	0	0.11	4.96	96.12403101
aria	569.4827586	479	1.93	0.21	2.29	2.11	1.05	27.40447958
arma	576.2857143	473.2222222	3.47	0.09	4.28	1.09	4.81	34.35225619
armadietto	744.7586207	542.7931034	1.5	0.04	3.91	0.63	4.77	43.59447005
armadio	579.2333333	465.2	1	0.02	3.88	0.91	4.63	44.15708812
arrabbiato	643.3928571	488.0689655	4.21	0.25	0.93	0.28	4.19	40.16227181
arrogante	589.6	512.0689655	3.91	0.16	0.74	0.11	3.61	44.54865182
arrugginito	747	557.9666667	0.7	0.39	3.19	1.33	4.74	42.02898551
arte	640.9642857	480.4444444	3.98	2.4	2.91	1.7	4.86	19.93690852
ascensore	577.3448276	510.5185185	3.07	0.05	2.88	0.86	4.63	39.86074848
asciugacapelli	794.7586207	576.7857143	4.51	0.09	4.09	0.93	4.61	31.76387913
asilo	570.3928571	430.28	3.77	0.19	1	1.12	4.49	40.68117313
aspro	650.1923077	513.6785714	0.19	4.91	0.4	1.42	1.12	58.70646766
assassino	571.9	479.5185185	2.72	0.11	1.05	0.35	3.88	46.48581998
assediato	787.3793103	563	2.98	0.04	0.88	0.26	3.93	48.08405439
assicurare	643.4482759	542.7857143	2.67	0.11	1.09	0.19	2.37	39.81337481
asso	586.4482759	483.0357143	0.19	0	1.25	0	4.21	74.51327434
assurdo	579.8	488.3928571	3.6	1.25	1.28	1.25	3.75	22.46181491
astio	699.48	536.7857143	3.28	0.05	0.82	0.09	3.3	43.10344828
astronauta	711.0666667	553.1538462	1.95	0.02	1.65	0.16	4.49	54.05078597
atletica	670.8965517	506.0689655	1.71	0.02	1.54	0.18	4.14	54.28194993
attico	664.1923077	518.5357143	0.71	0.09	1.7	0.56	4.82	60.02538071
attivare	654.7777778	534.8275862	2.71	0.66	2.3	0.61	3.29	28.00417973
attraente	721.5862069	589.3703704	2.81	1.3	2.07	2.14	4.67	25.9430331
attrezzo	654.0714286	472	1.84	0.12	4	0.33	4.67	41.51459854
audace	725.7142857	500.6551724	3.04	1.12	0.75	0.89	3.54	29.87152034
aurora	584.1666667	495.8	0.35	0	0.02	0.21	4.7	89.01515152
autobus	657.0689655	500.5555556	3.93	0.02	2.89	1.68	4.75	35.64431047
automobile	602.8	494.2142857	4.25	0.04	3.95	2.37	4.86	31.15707822
autostrada	657.3571429	583.1111111	3.51	0.02	0.91	1.04	4.82	46.60194175
autunno	637.6896552	505.6153846	1.49	0.56	1.18	2.3	4.46	39.03903904
avidità	604.9230769	522.6071429	2.9	0.45	0.78	0.27	3.65	41.98757764
avventura	575.9655172	460.6785714	2.86	0.61	1.16	0.95	3.28	30.13544018
avversione	759.0344828	516.2068966	2.98	0.79	0.98	0.67	3.42	31.10859729
avversità	659.2333333	486.0689655	2.71	0.31	0.88	0.41	3.41	40.15544041
bacio	544.4074074	469.8928571	2.7	2.68	4.25	1.28	4.21	19.64285714
baco	702.3125	522.5862069	0.32	0.28	2.91	0.33	4.28	49.26108374
bagno	517.6785714	511.7931034	1.68	0.23	3.19	2.6	4.74	36.25401929
balcone	584.6896552	498.6785714	0.89	0.02	2.86	0.42	4.77	53.01339286
ballerino	632.5862069	552.3571429	1.82	0.05	1.39	0.21	4.79	57.38498789
bambino	586.2413793	513.6296296	4.3	0.19	3.49	1.89	4.81	31.47138965
bambola	615.6551724	533.6551724	0.98	0.05	4.12	0.51	4.79	45.35885167
bancarotta	802.8888889	588.8571429	1.8	0.02	0.18	0.02	2.34	53.21100917
bandiera	594.137931	538.6153846	1.16	0	3.25	0.09	4.77	51.45631068
bar	538.9655172	508.3703704	3.39	1.54	2.35	2.46	4.77	22.26050999
bara	640.6538462	532.3846154	0.72	0.04	3.4	0.61	4.75	49.47478992
barca	536.0666667	522.8148148	2.84	0.14	3.47	1.21	4.84	37.6
barile	768.8148148	522.4074074	1.04	0.32	3.98	0.93	4.81	40.5234657
bastardo	589.0333333	539.3793103	2.93	0.26	0.86	0.49	3.32	38.93129771
bastone	637.8928571	496.8965517	1.39	0.07	4.4	0.33	4.82	43.14259764
beatitudine	785.3571429	615.3333333	2.05	0.63	0.95	0.79	2.77	29.7635605
bebè	585.1034483	512.6071429	4.5	0.32	3.82	2.66	4.82	27.91563275
bellezza	572.2333333	523.4666667	2.65	0.98	2.04	1.32	4.67	31.64665523
bello	540.5185185	515.7037037	3.51	1.46	2.44	1.6	4.81	24.24023155
benda	651.0416667	511.0769231	0.37	0.02	3.89	0.39	4.61	49.4612069
benedire	708.3846154	595.24	3.37	0.13	1.07	0.72	3.58	38.8951522
bestemmia	681.5	563.84	4.82	0.16	0.12	0.14	1.33	71.53729072
bestia	627.6	509.3571429	3.49	0.44	2.28	1.89	4.54	32.43670886
bianco	594.4482759	518.4615385	0.37	0.33	0.33	0.25	4.86	75.08143322
bibita	604.0357143	611.6538462	1.28	4.89	2.67	2.77	4.6	22.27020358
bicchiere	604.5357143	559.5555556	1.75	0.65	4.44	0.42	4.7	35.78595318
bicicletta	671.2333333	589.7037037	2.81	0.02	4.3	0.39	4.75	38.54930725
biondo	543.2	515.5384615	0.05	0.16	0.53	0.09	4.86	84.53427065
blatta	845.1428571	594.9655172	1.5	0.27	2.63	0.32	4.75	47.30728617
blu	627	490.55	0.26	0.28	0.33	0.32	4.86	76.03305785
bocca	628.5714286	555.0344828	1.82	2.26	4.3	0.96	4.65	26.37598284
bollente	597.4642857	512.3793103	0.79	1.75	4.72	0.39	2.39	43.12749004
bollitore	653.3103448	572.1851852	3.6	0.25	3.63	0.56	4.65	34.67297084
bomba	526.4333333	507.96	4.54	0.02	2.33	1.16	4.49	36.0446571
bordo	612.6666667	546.1666667	0.18	0.25	4.16	0.23	4.4	45.77006508
bottiglia	567.6666667	555.2962963	1.54	0.63	4.25	0.61	4.75	35.14431239
bouquet	738.3333333	693.6785714	0.4	0.07	3.61	4	4.68	36.12852665
braccio	562.3	526.9310345	0.39	0.04	4.67	0.41	4.86	46.48023144
brevetto	722.8846154	568	1.36	0.07	1.54	0.05	3.86	55.37790698
brezza	656.8571429	534.3666667	2.35	0.21	2.98	1.54	1.77	31.29943503
bruciatura	780.4666667	663.3214286	1.27	0.72	4.09	2.33	4.28	28.0535855
brutale	613.9285714	567.0333333	3.58	0.58	2.04	0.86	4.16	31.90730838
brutto	533.4137931	571.5384615	3.18	1.65	2.02	1.96	4.7	22.57586973
bugia	580.7	599.96	4	0.12	0.25	0.21	2.21	57.14285714
buio	605.6206897	538.75	0.39	0.04	0.09	0.04	4.77	88.74296435
buono	547.25	509.0384615	2.26	4.58	1.89	4.21	3.72	16.14645858
burro	556.3076923	580.8518519	0.33	4.75	3.88	3.09	4.68	26.4196055
cactus	609.037037	523	0.26	0.3	4.49	0.77	4.77	42.58734655
cadavere	589.8666667	491.1071429	0.39	0.21	2.58	3.37	4.74	40.12400354
caduta	574.1071429	479.5925926	2.86	0	2.26	0.02	4.18	44.84978541
calciare	718.2857143	547.9285714	2.11	0.02	3.46	0.09	4	41.11570248
calore	536.2142857	507.4333333	0.68	1.27	4.53	0.54	1.63	46.12716763
calza	630.2413793	483.8846154	0.25	0.07	4.47	1.67	4.79	41.95555556
camera	540.8333333	502	0.79	0.07	2.44	1.6	4.74	48.4439834
camicia	572.4137931	511.5	0.35	0.07	4.16	0.81	4.79	46.3654224
camion	610.3103448	486.1034483	3.7	0	2.77	1.6	4.74	37.00234192
campione	559.3448276	475.1153846	2.59	0.29	1	0.38	3.98	44.7815534
campo	625.5	479.4230769	1.23	0.04	2.51	2.16	4.74	44.00749064
cancrena	749.9285714	703.2222222	0.21	0.07	2.13	1.68	4.36	50.76923077
cancro	568.3666667	509.6071429	1.05	0.04	0.74	0.23	2.35	52.38095238
candelabro	813.5416667	617.8928571	0.53	0.09	4	0.7	4.77	46.38255699
cane	558.6666667	488.5714286	4.26	0.21	4.35	3.05	4.82	27.62133014
cannone	640	525.1481481	4.14	0	3.05	1.39	4.61	34.95072024
canottiera	671.4482759	541.9642857	0.14	0.11	4.18	0.72	4.74	46.81496461
cantina	615.1724138	494.9615385	1.23	0.33	2.11	3.11	4.77	38.44155844
canzone	561	487.0740741	4.98	0.12	0.3	0.25	1.26	70.33285094
caos	571.7586207	530.8571429	4.39	0.93	1.56	1	4.72	30.07936508
capace	573.1851852	495.5555556	3.04	0.64	0.98	0.4	3.55	36.58536585
capezzolo	644.6333333	543.1071429	0.32	0.96	4.51	0.81	4.75	39.030837
cappello	582.862069	498.2068966	0.23	0.05	4.32	0.67	4.79	47.11729622
cappio	684.35	547.5333333	0.25	0.02	3.68	0.14	4.6	52.70425777
cappotto	569.4482759	520.4074074	0.39	0.02	4.41	1.29	4.75	43.55432781
capro_espiatorio	814.7241379	625.5172414	2.45	0.23	0.42	0.19	2.68	41.70854271
carabina	751.76	547.7241379	4.13	0.04	3.98	1.25	4.71	33.09709426
caraffa	761.7	524.0714286	0.96	0.49	4.39	0.3	4.82	41.24087591
caramella	640.2413793	561.8571429	0.82	4.96	3.61	2.51	4.54	25.18248175
carcassa	672.8214286	550.4827586	0.58	0.33	2.63	3.46	4.68	37.24315068
carcere	637.6206897	515.6206897	2.6	0.05	1.39	0.81	4.54	47.81682641
carezza	587.3928571	509.5862069	0.58	0.09	4.75	0.2	4.04	48.24016563
carino	594	496.7241379	2.68	0.67	1.44	0.81	4.6	38.52941176
carro	703.4074074	522.862069	3.14	0.04	3.23	0.3	4.82	41.45706852
carrozza	589.7142857	520.2222222	3.35	0.04	2.84	0.65	4.74	40.4475043
carta	576.0666667	474.7037037	2.04	0.7	4.68	2	4.77	28.68217054
casa	582.1428571	471.3448276	2.34	0.81	3.09	2.61	4.79	29.17888563
cascata	612.5517241	482.4074074	4.56	0.23	2.46	1.02	4.86	35.26275704
casinò	624.1724138	499.7307692	3.8	0.1	1.67	0.67	4.61	41.56682028
cassettiera	767.3666667	580.0384615	1.51	0.04	4.07	0.82	4.81	42.4
catapecchia	907.64	626.5	1.09	0.07	2.07	1.21	4.79	51.1375948
cattivo	608.6896552	478.7307692	3.44	2.4	1.11	2.18	3.77	20.62015504
causa	630.3103448	489.4285714	2.02	0.32	0.59	0.39	2.32	35.46099291
cavallo	524.7	474	3.82	1.86	4.05	2.95	4.82	16.91428571
caviglia	645.6551724	476.9642857	0.46	0.19	4.37	0.16	4.74	46.16935484
cellula	640.6666667	548.6428571	0.3	0.16	0.61	0.09	2.63	67.01846966
cena	531.2413793	458.2692308	2.19	4.44	2.4	3.75	4.6	13.86651323
centrotavola	924.6	684.1785714	0.18	0.05	3.72	0.47	4.82	51.62337662
cerchio	571.2333333	478.1428571	0.11	0.18	3.29	0.09	4.75	55.34441805
cervello	600.7	495.4074074	0.75	0.61	2.6	0.53	3.6	37.94808405
cesto	643.0357143	437.1111111	0.74	0.21	4.18	0.55	4.77	43.63636364
charme	783.6875	643.4642857	2.7	0.61	0.95	1.38	4	35.1659751
cherosene	896.5	755.3571429	0.7	0.39	1.21	3.95	3.02	38.403452
chiave	575.1481481	489.037037	2.37	0.09	4.67	0.4	4.75	37.94788274
chiesa	566.3666667	526.7307692	3.3	0.18	1.77	2.12	4.72	37.55169562
chirurgia	686.2333333	565.88	2.05	0.09	2.51	1.25	4.21	40.75173096
cibo	515.9230769	460.5172414	1.98	4.95	3.95	4.56	4.68	14.76143141
cicatrice	681.1724138	562.5714286	0.12	0.05	3.89	0.07	4.65	52.39179954
ciclamino	761.4166667	587.84	0.25	0.27	3.3	3.93	4.74	35.94875901
ciclone	707.0689655	505.6666667	3.65	0.02	1.04	0.4	4.33	45.65677966
cieco	575.9666667	498.862069	1.32	0.09	0.88	0.18	3.95	60.12461059
cielo	578.3703704	483.8846154	0.47	0.02	0.04	0.14	4.91	87.6344086
ciliegio	628.0344828	536.5172414	0.37	0.6	3.18	2.49	4.72	38.29225352
cimitero	648	473.36	1.51	0	1.07	1.37	4.81	54.9086758
cioccolato	553.4	555.7407407	0.77	4.81	3.37	4.02	4.58	23.01994302
circo	623	477.1111111	4.16	0.23	1.12	1.82	4.75	37.41721854
città	498.4666667	473.5714286	4	0.49	1.49	2.37	4.84	32.97952995
coccolare	593.6333333	549	2.05	0.3	4.55	0.68	4.12	36.32478632
codardo	666.68	548.7586207	2.93	0.02	0.37	0.12	3.6	50.85227273
collera	588.9666667	525.8928571	4.07	0.07	1.04	0.18	4.05	42.50797024
collisione	736.4482759	547.6086957	3.57	0.07	2.09	0.14	4.36	41.93548387
collo	561.5666667	490.1428571	0.32	0.46	4.37	1.07	4.63	39.7235023
colombo	621.4333333	492.6153846	3.06	0.46	2.25	0.71	4.17	34.83568075
colonna	585.9333333	529.962963	0.23	0	3.75	0.07	4.7	53.71428571
colore	581.5172414	543.2857143	0.18	0.14	0.33	0.32	4.93	81.18644068
colpa	565.4333333	483.8846154	2.49	0.07	0.56	0.12	2.49	42.23385689
colpevole	593.6	529.1481481	3.25	0.12	0.6	0.09	3.53	45.32279315
colpire	580.2758621	561.96	2.89	0.37	3.6	0.32	3.95	32.61455526
coltello	604.9333333	538.5769231	1.4	0.42	4.74	0.35	4.82	38.10741688
comfort	739.3043478	545.96	2.02	0.95	3.59	1.3	3.46	23.32155477
commedia	579.3571429	592.962963	4.25	0.04	0.09	0.07	4.25	48.3908046
commissione	633.8	538.9166667	2.29	0.09	0.73	0.14	3.14	47.73082942
comò	598	488.48	0.51	0	4	0.36	4.83	49.79381443
comodino	580.3448276	545.5714286	0.6	0.04	4.12	0.25	4.79	48.46938776
compleanno	619.6	564.9285714	3.46	1.25	1	0.93	3.98	28.71939736
computer	575.2333333	592.48	2.88	0.04	4.25	0.32	4.89	39.17609047
concentrarsi	720.0689655	675.8666667	1.89	0.16	0.23	0.32	2.72	48.12030075
confuso	579.4827586	509.3333333	3.4	0.61	0.79	0.7	3.56	32.5607064
coniglietto	739.0666667	622.9259259	1.91	1.63	3.88	2	4.74	21.96327684
coniglio	572.3448276	506.1666667	2.26	2.86	4.02	2.4	4.88	15.95615104
conoscenza	607.9	648.862069	3.39	1.2	1.46	1.25	2.95	21.36585366
consolato	621.0333333	548.7857143	2.54	0.26	1.33	0.12	3.32	42.27212682
contante	763.2307692	606.4285714	1.25	0.14	4.11	1.11	4.61	39.83957219
contenuto	659.4666667	546.6521739	1.39	0.89	2.44	0.77	3.39	29.5045045
contesto	657.1	573.5185185	2.33	0.46	0.67	0.82	3.18	36.46112601
coppia	563.7	527.6206897	2.64	0.29	2.22	0.68	4.55	41.04046243
coraggioso	601.8	510.4285714	3.33	0.11	0.3	0.09	4	49.93614304
corda	579.2	536.6428571	0.7	0.09	4.49	0.63	4.74	43.66197183
cornice	637.9333333	571.9259259	0.16	0.02	3.81	0.18	4.74	52.97418631
corona	576.4	500.3076923	0.56	0.12	4.05	0.26	4.79	47.75051125
corpo	564.7	514.1851852	1.58	0.89	4.51	2.32	4.77	27.5764037
corridoio	660.5517241	557.9230769	0.89	0.02	1.71	0.41	4.77	60.8974359
corridore	685.5172414	517.7916667	2.47	0.02	1	0.77	4.54	51.36363636
corrotto	662.7777778	477.8333333	2.84	0.42	0.42	0.63	3.53	39.66836735
cortese	641.137931	537.5925926	3.61	0.12	1.07	0.28	3.46	40.86651054
cortesia	641.7931034	516.32	3.53	0.23	1	0.4	3.46	38.28306265
costa	560.8333333	497.7407407	1.75	0.26	1.44	1.28	4.49	45.87852495
cranio	697.1538462	508.7666667	0.51	0.04	3.77	0.12	4.42	49.43566591
credenza	573.8	504.3846154	2.05	0.19	1.32	0.4	2.74	38.05970149
crepuscolo	625.1724138	628.1538462	0.56	0.09	0.04	0.44	4.91	80.62913907
criminale	623.4642857	540.7692308	2.79	0.14	0.77	0.37	4.16	48.84568651
crimine	665.1724138	502.0909091	2.95	0.05	0.75	0.4	4.04	48.71794872
crisi	640.8214286	457.0416667	2.86	0.12	0.74	0.33	3.14	42.00278164
crocifiggere	954.75	743.3103448	1.68	0.05	1.79	0.07	4.09	52.60416667
crudele	651.4074074	569.7037037	3.53	0.12	1.02	0.3	3.84	42.22474461
cucchiaio	642.9333333	616.3703704	1.23	0.65	4.4	0.3	4.82	39.64912281
cucciolo	542.3333333	592.1851852	3.56	0.12	3.79	1.91	4.74	32.71954674
cucina	534.1	562.9666667	2.44	1.95	3.14	3.37	4.65	17.36334405
cucinare	571.0357143	548.4814815	2.96	3.68	3.65	4.07	4.47	8.019118428
cuore	510.3	505.3571429	3.5	0.54	2.5	0.27	3.63	32.18390805
curioso	576.3333333	553	3.32	1.13	1.13	1.05	3.75	26.01156069
cuscino	549.0333333	538.8148148	0.72	0.07	4.75	1.33	4.75	40.27538726
danneggiare	654.9333333	573.4482759	2.75	0.19	3.09	0.61	3.98	35.6873823
danno	619.2142857	520.9285714	2.79	0.44	2.04	0.7	4.16	36.72260612
debito	579.0666667	521.9259259	1.7	0.05	0.21	0.05	2.11	50
debole	556	537.5384615	2.79	0.86	2.32	1	3.53	25.42857143
decomporsi	851.8076923	605.0689655	0.3	0.37	1.6	3.35	4.16	39.46830266
decorare	627.75	584.2222222	0.71	0.16	2.93	0.37	4.37	49.29742389
deforme	737.0833333	559.4444444	0.68	0.23	4	0.26	4.63	44.89795918
delizia	598.6	570.25	1.54	4.68	1.47	3.25	3.33	22.49474422
deludere	603.6666667	545.0416667	3.16	0.67	0.65	0.39	2.98	35.2866242
demonio	709.3461538	516.625	1.44	0.05	0.32	0.26	1.65	43.01075269
denaro	590.3103448	473	1.57	0.11	4.02	1.23	4.72	39.57081545
dentista	608.9642857	546.5833333	2.86	1.39	2.53	1.93	4.56	23.88847023
depressione	631.3666667	568.1785714	2.73	0.18	0.46	0.21	3.11	43.79671151
depresso	578.0333333	533.6896552	3.46	0	0.28	0.09	3.81	49.86910995
deridere	727.64	610.3333333	4.18	0.09	0.26	0.09	3.42	50.87064677
desiderio	614.0714286	544.4347826	2.12	0.86	1.09	0.84	2.04	18.41726619
detestare	772.8666667	635.5	3.09	1.21	1.3	1.28	3.12	19.1
dettaglio	627.2	565.3333333	2.59	1.36	2.32	1.39	4.27	24.39228835
devoto	657.1851852	558.1071429	3.12	0.07	0.6	0.28	3.46	45.01992032
diamante	612.6785714	523.3846154	0.42	0.02	3.88	0.09	4.79	51.84782609
diavolo	526.5517241	529.7241379	1.42	0.07	0.51	0.32	1.72	40.84158416
dignitoso	639.2068966	634.0869565	2.28	0.6	0.68	0.6	3.53	38.10143043
dio	577.6666667	583.5416667	0.91	0.21	0.19	0.18	0.82	31.6017316
dipendente	653.2758621	609.36	2.07	0.53	0.86	0.56	3.18	36.80555556
diploma	593.6896552	545.5185185	1.32	0	2.56	0.18	4.3	51.4354067
disastro	582.5	576.5357143	3.16	1.05	1.63	1.11	3.96	26.67277727
discarica	689.04	651.9642857	1.81	0.12	1.82	4.16	4.65	36.06687898
disdegno	798.5454545	646.72	2.65	0.41	0.48	0.48	3.15	38.21478382
disertore	819.1363636	694.3103448	2.44	0.05	0.38	0.06	3.35	52.5477707
disgustato	641.5333333	673.8518519	2.58	2.18	0.79	1.49	3.79	27.70083102
disincantato	794.5	735.75	2.23	0.2	0.3	0.27	2.46	41.39194139
disinvolto	694.2142857	627.36	3.26	0.16	0.72	0.21	3.81	44.73039216
disordinato	688.5517241	618.4444444	1.32	0.4	2.18	0.39	4.7	47.94215795
disperato	621.4	610.1785714	3.93	0.23	0.55	0.32	3.93	41.29464286
dispetto	650.9310345	614	2.98	0.49	1.04	0.42	3.6	37.28018757
dispiaciuto	670.3103448	604.2222222	3.6	0.09	0.53	0.11	3.68	44.81897628
disprezzare	698.4285714	692.7142857	3.18	0.95	1.05	0.82	3.3	26.66666667
disprezzo	584.9666667	595.3103448	3.67	0.82	1.07	1.04	3.7	27.96116505
distaccato	595.8965517	639.7857143	2.6	0.11	1.81	0.14	3.89	44.21052632
distante	645.3666667	582.88	2.79	0.21	1.41	0.67	4.54	45.01039501
distruggere	679.6	595.5185185	3.32	0.32	2.93	0.46	3.98	33.24250681
distruzione	680.0344828	564.3846154	3.74	0.07	2.05	0.67	4.37	39.44954128
disturbare	622.5862069	608.5555556	3.82	0.79	1.61	1.21	3.58	27.52043597
dito	665.7777778	571.8695652	0.6	0.35	4.75	0.65	4.82	40.0179051
divano	579.8214286	495.8928571	0.47	0.02	4.65	0.89	4.81	44.18819188
divertimento	644.7241379	565	3.75	0.58	1.19	0.63	4.09	34.27734375
divorzio	575.0666667	538.6296296	2.42	0.04	0.16	0.04	2.72	49.81412639
dollaro	616.8333333	541.9	0.91	0.04	3.74	1.11	4.86	45.21575985
dolore	517.1666667	499.3846154	2.84	0.41	3.39	0.38	3.25	29.30866602
dominante	680.9230769	604.6551724	3.18	0.98	1.5	1.05	3.8	26.83158896
donna	544.4642857	478.8461538	4	0.77	3.54	2.33	4.81	26.14886731
dono	606.8571429	503.3333333	1.51	0.79	3.18	0.86	4.16	32.0952381
dormire	572.7241379	521.0689655	2.39	0.11	1.4	0.28	3.65	45.21072797
dottore	545.2666667	511.8928571	3.33	0.16	2.16	1.07	4.6	39.22261484
drogato	574.7142857	544.25	2.45	0.25	1.39	0.96	4.11	42.13973799
duro	579.7333333	524.7307692	0.89	0.77	4.93	0.16	3.16	48.13319879
eccellenza	642.2	509.9285714	2.75	2.19	1.35	1.75	3.33	17.41424802
eccezionale	620.8965517	555.3076923	3.5	2.59	2.09	2.13	3.96	13.10441486
eccitato	612.1724138	546.8888889	3.68	0.44	2.37	0.7	4.12	32.53757737
eccitazione	607.3793103	545.7777778	3.42	1.35	3.05	1.47	4.05	20.23988006
edificio	611.4137931	591.9642857	0.93	0.04	3.11	0.7	4.79	49.63427377
egoista	614.5517241	468.5384615	3.4	0.05	0.53	0.12	3.51	45.46649146
elefante	603.2413793	484.1538462	3.74	0.16	3.12	2.19	4.88	33.49893542
elegante	613.6333333	520.3571429	1.88	0.91	1.54	0.96	4.6	37.31041456
elemento	632.3103448	518	1.45	1.16	2.27	1.23	3.27	22.49466951
elettrodomestico	801.2666667	645.3571429	3.95	0.14	4.02	0.68	4.82	34.38648053
elicottero	693.962963	527.6296296	4.48	0.02	2.29	0.35	4.7	39.52702703
emicrania	698.9642857	581.4814815	1.02	0.07	1.7	0.04	1.05	42.78350515
entusiasmare	849	710.7407407	3.38	1.32	1.45	1.16	3.27	20.98298677
entusiasmo	649.4482759	564.0357143	3.77	0.32	0.79	0.21	3.67	40.63926941
erba	590.5	502.3214286	1.05	0.91	4.32	3.47	4.7	26.2283737
eroina	649.7	502.6153846	1	1.54	2.14	1.45	3.63	26.94672131
erotico	641.4482759	506.6153846	3.63	1.67	3.74	2.26	4.51	17.96331436
errore	635.6333333	480.2592593	3.07	1	0.96	0.72	3.32	28.66593164
esecuzione	710.4666667	595.5416667	2.75	0	0.86	0.28	4.04	50.94577554
esercito	621.4666667	547.9642857	3.88	0.11	0.79	0.39	4.75	46.77419355
esercizio	589.1666667	577.9285714	2.14	0.25	1.89	0.49	3.71	40.80188679
estasi	785.75	508.9642857	3.02	2.19	2.16	2.02	3.49	11.41304348
esterno	635.5172414	555.0384615	2.19	0.32	1.58	0.84	4.23	42.68558952
esultante	738.2413793	563.3076923	4.39	0.21	0.77	0.23	4.26	42.39350913
evento	627.8571429	552.6206897	3.21	0.82	0.84	0.98	3.7	30.15706806
evidente	676.9259259	500.5384615	2.37	0.98	1.35	1.11	4.23	32.37051793
evidenziatore	745.5172414	577.8148148	0.98	0.11	3.88	1.72	4.86	41.12554113
faccia	582.5333333	519.9310345	0.32	0.11	4.11	0.58	4.79	47.22502523
facile	568.2142857	520.3214286	2.23	0.37	1.14	0.3	3.39	41.58815612
falco	606.6071429	512.25	3.6	0.32	2.7	0.74	4.81	36.89400164
fallimento	648.2333333	524.6428571	2.72	0.51	0.49	0.4	3.26	38.75338753
falso	577.1071429	524.2068966	3.11	1.09	1.89	1.23	3.47	22.05746061
fama	647	523.4642857	2.84	0.35	0.44	0.28	3.18	40.90267983
famelico	764.25	604.9285714	2.13	0.48	0.63	0.27	3.54	46.38297872
famiglia	579.0714286	486.8148148	3.4	0.67	2.14	1.6	4.4	30.54873055
famoso	547.7586207	489.2962963	3.56	0.77	0.96	0.84	4.46	34.84419263
fanale	783.2631579	543.5357143	0.23	0.02	2.4	0.07	4.7	63.07277628
fanghiglia	833.6428571	670.6071429	1.13	0.29	3.57	1.86	4.55	37.36842105
fangoso	679.1666667	544.3928571	1.07	0.28	3.74	1.72	4.49	37.25663717
fantasia	617.5666667	536.72	2.4	1.14	0.82	0.84	2.53	22.12160414
farfalla	624.3333333	510.1153846	0.58	0.11	2.68	0.18	4.84	56.37663886
faro	688.4615385	529.76	0.61	0.02	1.46	0.21	4.77	67.18528996
fascino	605.0689655	551.6551724	2.7	0.61	0.77	1.07	4.21	38.46153846
fase	626.0714286	540.3793103	1.25	0.16	0.24	0.16	1.87	46.4673913
fastidio	641.5517241	525.7307692	3.47	2.05	2.77	2.37	3.54	10.49295775
fattoria	722.5357143	518.1785714	3.81	0.75	2.14	3.89	4.82	26.41142116
favore	605.4	496.5	2.61	0.19	0.51	0.18	2.7	40.71082391
fazzoletto	594.1333333	516.3448276	0.67	0.4	4.19	1.56	4.74	37.5432526
febbre	589.8333333	542.9285714	1	0.25	2.95	0.63	2.56	36.53585927
feccia	733.24	554.8571429	1.82	0.45	1.43	2.04	3.88	35.65488565
felice	596	535.8461538	3.91	0.72	1	0.7	4.12	32.72727273
felpa	621.7	527.5185185	0.42	0.04	4.25	0.91	4.72	45.26112186
femminuccia	691.862069	557.3461538	2.95	0.14	1.04	0.46	3.72	43.08062575
ferie	612.4444444	529.0357143	1.93	0.95	0.98	0.82	2.41	22.42595205
ferita	606	521.8	0.75	0.38	3.77	0.69	4.52	40.9495549
ferite	597.3076923	611.6666667	1.02	0.44	3.46	0.82	4.67	40.63400576
ferito	639.3461538	573.7307692	2.75	0.09	2.68	0.81	4.58	41.15490376
ferro	583.3571429	533.3103448	1.37	0.68	3.89	0.86	4.58	34.27065026
festa	568.2333333	508.6785714	4.39	1.53	1.57	1.63	4.6	22.37609329
festivo	607.8275862	524.6521739	3.32	0.98	0.7	1.12	3.67	30.33707865
fetido	776.2608696	606.0416667	0.32	1.15	0.98	4.57	2.8	43.2790224
fetore	713.1363636	598.1923077	0.26	0.65	0.18	4.86	0.91	68.22157434
ficcanaso	751.8571429	679.3333333	3.16	0.02	0.25	0.02	3.4	49.34306569
fidanzato	593.6896552	583.2222222	3.21	0.56	2.28	1.46	4.28	31.55216285
fiducia	545.8	594.1851852	2.93	0.26	0.89	0.32	2.79	37.1349096
fiducioso	585.1666667	607.6	3.11	0.07	0.79	0.15	2.96	42.93785311
fieno	638.32	576.1666667	0.84	0.81	3.81	3.44	4.63	28.23355506
film	571.3793103	493.2380952	4.54	0.04	0.18	0.04	4.93	50.25693731
finestra	560.0689655	569.6896552	1.75	0.02	3.82	0.18	4.81	45.27410208
fiore	569.1111111	495.8846154	0.32	0.75	4.19	4.49	4.93	31.40326975
fiorire	629.3666667	549.4074074	0.47	0.14	1.4	2.7	4.3	46.1709212
firmamento	819.5833333	694.6	0.31	0.02	0.16	0.02	4.09	88.47826087
fischio	674.4827586	587.6153846	4.89	0.02	0.26	0.02	1.4	73.89984825
fiume	542.7931034	551.96	3.93	0.46	2.46	1.37	4.77	33.17936875
flaccido	774.0416667	610.1428571	1.18	0.63	4.54	0.23	4.14	40.20522388
flirtare	775	721.7307692	3.72	0.58	2.42	1.04	4.16	30.03355705
foglio	561.5333333	534.1538462	1.49	0.25	4.49	1.23	4.72	36.69950739
folle	577	532.2307692	3.8	0.53	1.02	0.46	3.95	35.75819672
forbici	617.7777778	536.5172414	1.79	0.07	4.3	0.16	4.79	42.48424842
forchetta	615.9285714	521.4814815	1.12	0.74	4.33	0.21	4.63	40.07252947
forcina	706.5357143	622.9285714	0.53	0.11	4.49	0.21	4.79	46.1994077
forte	548.7931034	517.5714286	3.28	2.72	3.14	2.65	4.09	9.068010076
fortuito	815.4166667	601.96	1.51	0.27	0.71	0.39	2.8	44.54225352
fortunato	633.1333333	536.3928571	2.42	0.05	0.26	0.11	3.33	53.16045381
fragranza	695.9615385	548.6896552	0.56	1.11	0.75	4.77	0.84	52.42839352
fratello	553.862069	505.25	3.54	0.21	2.74	1.79	4.14	31.64251208
freddo	597.2758621	516.2222222	0.75	1.93	4.79	0.37	2.4	43.1640625
freezer	734.8518519	599.6956522	1.11	0.35	4.23	0.63	4.6	38.91941392
frigido	714.5714286	598.9166667	1.61	0.1	2.37	0.14	2.71	37.66233766
frittella	710.8965517	667.5333333	0.95	4.91	3.46	4.26	4.65	21.72243555
frustrato	616.8	646.4482759	3.26	0.14	0.58	0.16	3.58	44.55958549
fucile	623.4285714	579.037037	4.04	0.04	3.93	1.2	4.82	34.06985032
fulmine	632.4827586	562.2173913	2.07	0	0.19	0.14	4.84	66.85082873
funerale	637.3333333	581.8275862	3.44	0.02	0.33	0.53	4.37	50.0575374
fungo	599.4666667	539.28	0.28	4.56	3.89	3.54	4.73	26.17647059
fuochi_d'artificio	689.7931034	649.0689655	4.75	0.02	1	1.75	4.84	38.99676375
fuoco	518.9655172	515.4583333	2.74	0.25	3.84	2.16	4.77	32.84883721
gamba	587.7407407	493.8965517	0.53	0.14	4.74	0.42	4.88	44.25770308
gattino	624.4666667	503.4814815	4.14	0.04	4.3	2.19	4.81	30.81395349
gatto	516.0344828	447.1666667	3.95	0.21	4.32	2.35	4.88	29.72628899
gelatina	675.0344828	563.1034483	0.84	3.95	4.25	1.53	4.47	24.1356383
gelosia	564.9666667	551.75	3.14	0.21	0.82	0.35	3.46	40.72681704
genere	605.137931	544	2.84	0.35	1.51	0.96	3.82	36.60337553
gente	539.7333333	479.5	4.18	0.11	2.49	1.89	4.79	34.76968796
gentile	527.9666667	514.6666667	3.75	0.47	1.51	0.61	3.75	32.5074331
gentilezza	604.5357143	558.7777778	3.75	0.3	1.7	0.39	3.81	35.27638191
geranio	827.1428571	660.3	0.21	0.14	3.51	4.23	4.61	35.19685039
germe	671.1034483	516.9642857	0.28	0.26	0.96	0.81	1.58	33.93316195
ghiacciaio	683.4666667	607.0333333	0.89	0.86	3.65	0.53	4.67	39.05660377
ghigliottina	902.36	674.36	2.72	0	2.65	0.25	4.54	44.68503937
giacca	528.5172414	567.7666667	0.39	0.04	4.51	1.14	4.77	43.59447005
giallo	563	530.137931	0.18	0.32	0.39	0.28	4.95	77.94117647
giardino	615.137931	522.3846154	1.72	0.09	2.88	3.14	4.77	37.14285714
giarrettiera	970.7777778	782.3571429	0.42	0.02	3.7	0.18	4.61	51.39977604
ginnasta	708.1724138	561	1.68	0.02	1.63	0.46	4.63	54.75059382
giocattolo	570	583.5172414	2.68	0.21	4.28	0.77	4.75	35.77620173
gioco	559.3666667	504.3793103	3.88	0.58	3.3	0.7	4.47	30.08507347
gioia	545.0344828	511	3.6	1.11	1.26	1.18	3.95	25.58558559
gioiello	623.5172414	544.1034483	0.7	0.12	4.26	0.32	4.81	45.93535749
gioioso	526.8	563.4615385	3.95	0.6	0.88	0.58	4.21	35.518591
giovane	566.7241379	524.9285714	3.14	0.33	1.95	0.91	4.49	38.44731978
gioventù	606.5333333	496.4230769	3.31	0.25	1.29	0.77	4.29	40.76690212
gioviale	715.28	613.4230769	3.59	0.61	0.83	0.5	3.76	35.09149623
giustizia	654.6666667	610.7407407	2.65	0.18	0.46	0.21	3.02	43.55828221
gloria	599.3333333	500	2.86	0.3	0.29	0.26	3.07	41.44542773
godimento	692.3103448	551.3333333	3.23	2.14	2.65	1.68	3.54	14.04833837
goffo	642.4285714	556.32	2.35	0.09	0.82	0.16	4.35	54.82625483
golfista	876.7368421	624.5	2.34	0.02	1.44	0.35	4.54	52.01380898
gomito	607.6206897	563.6296296	0.36	0.09	4.55	0.14	4.71	46.9035533
gomma	550	482.4	1.16	0.98	4.25	1.6	4.61	28.80952381
gonna	591.5517241	508.2962963	0.42	0.04	4.09	0.6	4.75	47.57575758
graffetta	783.1111111	542.1034483	0.61	0.04	4.46	0.21	4.81	47.08785785
granata	636.8148148	525.3571429	4.12	0.02	2.42	1.04	4.33	36.12740989
grasso	556.0714286	472.1724138	0.65	2.63	3.81	1.19	4.68	31.09567901
grato	639.4444444	495.6206897	3.25	0.19	0.68	0.26	3.23	40.21024967
grattacielo	694.1724138	555.1034483	0.44	0.02	1.91	0.3	4.82	64.08544726
grave	590.7333333	496.1666667	3.25	0.3	0.66	0.68	3.45	37.76978417
grazioso	604.4137931	522.2666667	2.28	0.74	1.47	1.19	4.47	36.74876847
grezzo	647.1724138	497.4285714	1.63	0.89	3.84	0.58	3.98	31.13553114
grossolano	702.3703704	587.2142857	2.12	1.11	2.3	0.61	3.56	30.41237113
grumo	771.0555556	517.4761905	0.34	1.02	3.61	0.3	4.29	41.73640167
guardia	572.3571429	557.3571429	1.88	0	1.32	0.19	4.47	56.87022901
guarire	701.137931	527.0344828	1.3	0.37	1.77	0.6	3.14	38.57938719
guerra	575.7333333	514.5333333	3.84	0.25	1.19	1.11	4.35	38.17504655
gufo	562.6296296	566.1818182	4.09	0.09	2.54	0.46	4.68	38.70151771
gusto	557.4333333	579.875	0.53	4.88	0.6	1.65	1.09	49.71428571
hamburger	604.4	553.037037	0.53	4.86	3.95	4.21	4.63	23.81738174
handicap	692.0384615	629.3448276	2.61	0.04	1.32	0.25	4.3	50
hotel	595.6428571	514.3703704	1.61	0.21	1.98	1.16	4.75	46.75592173
humor	611.9655172	687.2105263	4.26	0.09	0.23	0.05	2.6	58.22959889
idea	588.6896552	562.7931034	2.28	0.39	0.28	0.28	1.28	44.345898
identità	550	611	2.69	0.66	1.04	0.84	3.33	31.19158879
idiota	562.6	548.3928571	3.75	0.19	0.56	0.27	3.75	41.78403756
idolo	641.7	564.0714286	2.77	0.16	1.07	0.47	4	45.3364817
idrante	697.2068966	578.4230769	2.39	0.14	3.46	0.26	4.7	41.64383562
ignoranza	658.7037037	618.2222222	3.84	0.35	0.49	0.37	2.81	44.40203562
imbarazzato	654.9333333	575.5357143	3.16	0.16	0.75	0.28	3.96	45.72803851
immaginare	590.3	614.4074074	1.7	0.86	0.91	0.84	2.37	22.90419162
immaturo	616.962963	559.962963	3.35	0.77	0.81	0.53	3.51	33.22185061
immondizia	785.6551724	763.2916667	0.64	0.21	2.59	4.3	4.66	35.88709677
immorale	660.9333333	638.137931	3.53	0.37	0.82	0.32	3.7	38.67276888
impaurito	632.6428571	587.5925926	3.51	0.12	1.04	0.28	4.28	45.07042254
impegnato	602.1785714	591.8518519	2.7	0.18	0.42	0.18	3.53	47.78887304
impiego	653.4	623.92	2.26	0.14	0.72	0.35	3.04	44.546851
impotente	646.0333333	590.1071429	2.12	0.09	1.12	0.11	3.77	51.04022191
impressionato	724.8275862	661.3928571	2.88	0.7	0.93	0.82	3.95	35.02155172
incentivo	696.1034483	547.7586207	2.73	0.46	0.98	0.5	2.93	32.5
inchiostro	654.6551724	595.3846154	0.47	0.35	2.46	1.77	4.67	44.44444444
incidente	638.6666667	580.1724138	4.04	0.16	2.07	0.91	4.6	37.6910017
incoraggiare	677.3333333	617.5	3.74	0.04	1.42	0.05	2.79	46.0199005
incubo	606.6333333	570.0384615	2.47	0.49	0.63	0.56	2.79	33.14121037
indifeso	693.3703704	568.5	2.84	0.12	1.18	0.16	4.05	47.06586826
indifferente	662.0333333	673.037037	2.6	0.46	0.61	0.43	3.26	38.45108696
indignazione	725.6666667	753.3846154	3.16	0.33	0.33	0.32	3.44	41.16094987
indumento	682.5862069	591.3333333	0.41	0.05	4.42	1.47	4.81	42.65232975
industria	672	664.2857143	3.18	0.14	1.63	2.04	4.64	38.69303525
infastidire	677.3214286	625.4814815	3.68	0.95	2.45	1.93	3.68	21.51300236
infatuazione	810	681.9285714	2.19	0.44	1.09	0.74	3.53	38.67334168
infedele	652.3703704	593.375	2.95	0.12	0.58	0.3	3.65	46.44736842
infelice	635.3666667	665.1428571	3.33	0.12	0.37	0.11	3.91	48.46938776
inferiore	643	616.6923077	2.3	0.65	1.16	0.51	3.46	36.50990099
infermiere	690.8965517	654.4583333	2.74	0.07	1.91	1.12	4.72	44.03409091
inferno	564.4	597.5862069	1.86	0.56	0.96	0.91	2.28	26.17960426
infezione	629.5714286	622.64	0.47	0.25	2.26	1.42	4.07	45.10035419
infornare	768.2857143	649.037037	1.51	0.74	3.16	2.26	4.07	28.36456559
infuriato	797.2857143	646.9259259	4.33	0.12	0.81	0.23	4.28	43.09109519
inganno	594.2333333	554.5185185	3.57	0.38	0.56	0.55	3.43	37.57361602
innamorato	605.6785714	619.6785714	3.32	0.51	1.53	0.93	3.93	33.46379648
innocente	586.5333333	575.5555556	2.96	0.23	0.42	0.26	3.19	41.92634561
inondazione	859.9642857	717.5925926	3.35	0.19	2.04	0.84	4.67	40.39675383
inquieto	605.9642857	635.6956522	3.33	0.19	1.23	0.35	4.05	42.18579235
inquinare	677.5	621.6666667	1.89	0.38	1.11	2.8	3.68	33.46855984
insalata	572.3793103	615.4285714	0.77	4.68	3.56	2.53	4.65	24.15071032
insegnante	585.5	632.4444444	4.23	0.02	1.42	0.44	4.63	42.92364991
insetto	608.862069	551.3333333	3.4	0.72	3.28	0.82	4.81	31.38910207
insicuro	607.3103448	532.2222222	3.21	0.19	0.81	0.28	3.61	42.22222222
insipido	744.8928571	647.7857143	0.05	4.79	0.23	1.09	0.39	72.36641221
insolente	634.5714286	583.4285714	3.71	0.29	0.82	0.38	3.13	41.05642257
insulto	620.7241379	581.8148148	4.86	0.07	0.39	0.09	2.48	60.70975919
insurrezione	731.4642857	655.4285714	3.54	0.04	0.46	0.37	4.07	47.52358491
intelletto	729.0769231	613.037037	2.12	0.16	0.28	0.05	1.68	48.25174825
interesse	578.3214286	619.3333333	3.3	1.11	1.4	1.04	3.19	22.50996016
intimo	579.6206897	536.9090909	2.51	0.74	2.91	1.51	3.98	27.8111588
intruso	600.5333333	582.52	2.47	0.61	1.44	0.6	4.11	38.02816901
inutile	677.6666667	597.6521739	2.23	0.47	1.16	0.41	3.07	36.23978202
invasore	651.1666667	604.037037	2.38	0	0.75	0.31	3.71	51.88811189
investire	630.2068966	577.2307692	2.95	0.07	1.63	0.43	3.93	42.84128746
ira	702.75	553.8571429	3.91	0.07	0.89	0.14	3.89	43.14606742
irritare	608	575.6551724	3.32	0.96	2	1.3	3.54	23.20143885
ispirare	717.2068966	560.7777778	2.7	0.73	0.64	1.3	2.66	25.65379826
ispirato	717.9310345	631.5862069	2.71	0.8	0.64	0.73	2.93	29.32138284
istruzione	646.3666667	543.0833333	3.58	0.33	0.6	0.35	2.96	41.5601023
ketchup	654	560.9285714	0.91	4.95	2.51	3.84	4.6	24.0333135
killer	587.7037037	548.8076923	2.88	0.04	0.95	0.3	3.96	48.21648216
ladro	611.3928571	509	2.84	0.02	0.95	0.18	4.35	51.91846523
lago	587.9	508.1428571	1.86	0.25	2.04	1.86	4.79	42.03703704
lamentela	771.5862069	572.5	4.54	0.02	0.23	0.02	2.02	66.17862372
lampada	576.1666667	506.4642857	0.77	0.02	3.77	0.34	4.89	49.74463739
lampadina	568.4666667	529.2857143	0.56	0.02	3.91	0.02	4.84	51.55080214
lanterna	672.5185185	558.5357143	0.3	0.02	3.39	0.54	4.75	52.55555556
lardo	671.6923077	528.3103448	0.74	3.84	2.93	2.51	4.5	25.8953168
latte	567.7142857	530.6538462	0.74	4.84	2.33	3.37	4.63	25.769956
laureato	612.1724138	498.2962963	2.95	0.02	0.81	0.05	3.89	50.12953368
lavare	592.2857143	482.7407407	2.44	0.12	3.88	2.44	4.26	31.50684932
leader	642.5172414	575.8846154	3.72	0.04	1.05	0.28	3.89	42.87305122
leale	669.2222222	530.3571429	3.05	0.14	0.67	0.19	3.42	43.90896921
lebbra	744.8076923	599.7142857	0.88	0.04	1.95	0.86	3.89	50.52493438
leggenda	581.3103448	567.1111111	3.51	0.35	0.58	0.32	2.16	46.0982659
lenire	789	614.5	1.48	0.23	2.29	0.14	2.3	33.54037267
lento	611.8928571	523.5714286	2.02	0.05	1.11	0.04	4.56	58.09768638
leone	534.2413793	502.9259259	3.95	0.07	2.77	1.19	4.81	37.06020328
lesbica	595.0357143	548.9642857	2.51	0.04	1.05	0.39	3.67	47.38903394
letame	705.7586207	582.9615385	0.56	0.51	2.07	4.77	4.51	34.29951691
lettera	629.4482759	566.5925926	1.51	0.07	3.42	0.56	4.53	44.20218038
letto	593	530.8148148	0.84	0.02	4.58	1.4	4.7	40.55459272
liberazione	688.8928571	600.4074074	2.61	0.49	1.26	0.63	3.11	32.34567901
libero	613.6333333	553.0666667	2.91	0.51	1.42	0.74	3.82	35.21276596
libertà	544.2	522.4074074	2.75	0.59	1.27	0.92	3.35	31.08108108
libreria	665.6785714	597.1538462	0.95	0.04	3.68	1.89	4.75	41.64456233
libro	548.0689655	549.5833333	1.74	0.11	4.51	2.54	4.86	34.52034884
liscio	624.5517241	542.8275862	0.4	0.51	4.91	0.05	3.44	52.2019334
litigio	648.137931	630.9615385	4.19	0.05	1.18	0.07	4.14	42.99065421
lotta	612.8214286	500.2222222	3.73	0.16	2.95	0.55	4.38	35.85386576
lotteria	667.4482759	547.76	2.42	0	0.75	0	3.91	55.2259887
luce	506.4827586	535.3076923	0.25	0	0.14	0	4.91	92.64150943
luminoso	580.2068966	585.0869565	0.23	0.04	0.32	0.09	4.96	87.23404255
lunatico	685.5517241	569.1851852	3.34	0	0.21	0.02	3.26	48.90190337
lusso	634.1666667	555.24	1.61	1.23	2.25	1.3	4.61	30.72727273
lussuria	713.8	618.6071429	2.68	0.81	2	1.07	3.91	29.60840497
lutto	598.3333333	588.9230769	2.73	0.13	0.59	0.39	3.7	47.34748011
macchina	614.2333333	515.6785714	4.12	0.07	3.86	2.25	4.84	31.50594452
macello	710	544.4482759	3.18	0.33	1.42	1.63	4.39	37.07762557
madre	560.2068966	509.1071429	3.93	0.47	3.12	2.44	4.6	28.36538462
magico	584.0714286	492.4137931	1.84	0.75	0.95	0.79	3.16	32.17623498
magistrale	668.2666667	564.8518519	2.88	1.09	0.93	0.7	2.98	26.57342657
maglia	560	504.9230769	0.25	0.05	4.26	1.05	4.7	45.10184287
magnifico	656.9310345	517.2307692	3.63	2.58	2.21	2.25	4.32	14.0760507
maiale	570.6785714	543.1851852	4	3.46	3.67	3.47	4.75	6.666666667
mal_di_denti	670.8666667	589.7586207	1.02	0.68	2.82	0.18	1.32	43.8538206
mal_di_mare	667.1666667	544.3076923	1.49	1.23	0.95	0.89	2.77	25.64802183
malanno	755.4	557.8965517	2	0.43	0.91	0.68	3.43	40.26845638
malaria	772.3913043	548.9259259	1	0.11	0.88	0.49	3.11	53.66726297
malato	577.5666667	493.9642857	2.47	0.33	1.7	1.37	4.35	39.33463796
malattia	631.0689655	522.4444444	2.02	0.57	1.61	1.21	3.96	36.17929562
maleducato	595.9310345	528.2068966	4.19	0.11	1.09	0.4	4.09	41.29554656
malessere	677.3666667	570.4444444	2.89	0.53	1.65	0.82	3.37	30.66954644
malevolenza	812.2962963	594.7307692	3	0.11	0.56	0.17	3.13	43.32855093
malvagio	619.6071429	539.25	3.33	0.7	0.68	0.61	3.7	34.25720621
mangiare	526.1034483	516.9642857	2.09	4.46	2.84	3	4.09	14.38106796
maniaco	696.1481481	553.3214286	2.96	0.04	1.12	0.26	4.02	47.38095238
manichino	787.5925926	585.4814815	0.37	0.09	3.63	0.32	4.65	50.33112583
mano	574.5	496.16	0.91	0.26	4.72	0.75	4.79	39.63254593
manomettere	984	693.1111111	1.6	0.09	2.5	0.13	3.54	43.89312977
mantenimento	793.3571429	569.5	1.11	0.32	0.82	0.19	2.28	44.27966102
marcio	607.3103448	552.2142857	0.46	3.65	2.63	4.25	4.39	25.5526658
margherita	634	530.4230769	0.32	0.75	4.09	3.79	4.79	32.53275109
martello	633.3666667	517.9310345	3.18	0.04	4.42	0.18	4.67	37.06965572
massacro	618	531.5714286	3.47	0.19	1.37	0.93	4.35	40.34917556
masturbarsi	741.4	625.862069	2.41	0.32	4.51	1.09	3.91	34.23202614
materiale	683.6785714	585.4137931	1.28	1.19	4.35	1.46	4.42	25.43307087
matita	631.1071429	526.5	1.39	0.51	4.63	1.09	4.81	34.59372486
matrimonio	615.6896552	548.5	3.63	1	1.21	0.93	4.5	31.67701863
matto	522.2	559.0714286	3.58	0.19	0.77	0.23	3.96	43.18442153
medicina	600.2758621	567.3333333	0.88	3.44	2.49	2.12	4.33	26.01809955
melma	743.25	583.28	0.98	0.16	3.72	2.4	4.47	36.74339301
melodia	588.3103448	554.7692308	4.98	0.09	0.19	0.09	0.88	78.49117175
memoria	579.3571429	522.8148148	2.72	1.49	1.42	1.56	2.35	13.62683438
mendicante	730.6666667	657.6333333	3.21	0	1.19	1.35	4.56	44.22890398
mensola	584.7142857	550.9230769	0.27	0	4.05	0.18	4.84	51.82012848
mente	564.6	501.88	1.21	0.16	0.16	0.18	0.74	42.85714286
mento	555.7142857	548	0.12	0.04	4.35	0.07	4.75	50.48231511
meraviglia	614.1666667	577.962963	3.39	2.02	1.84	1.82	4.47	19.57163959
mercato	643.6666667	544.8214286	3.82	0.79	1.8	2.66	4.73	28.55072464
mese	613.7333333	525.3928571	0.74	0.14	0.14	0.18	1.26	45.52845528
mestolo	787.2916667	538.4285714	1.05	0.61	4.32	0.4	4.75	39.08355795
metallo	600.1724138	557.5357143	2.19	0.68	4.26	0.77	4.75	32.17391304
metodo	610.5185185	531.4615385	1.96	0.32	0.49	0.25	2.67	42.53075571
miele	603.1428571	542.52	0.42	4.95	3.54	3.53	4.46	26.80473373
migliorare	631.5	610.9259259	2.51	0.84	1.26	0.81	3.07	26.61955241
milionario	677.6071429	572.625	1.6	0.35	0.93	0.37	3.74	48.49785408
minaccia	610.1333333	602.5925926	4.02	0.4	1.32	0.72	3.67	35.73543929
miracolo	605.6666667	541.3461538	2.21	0.3	0.89	0.39	2.44	34.34991974
miseria	707.1071429	622.6296296	2.02	0.4	0.75	0.77	3.86	44.35897436
mistico	699.96	611.3636364	2.52	0.7	0.96	1.14	3	27.64423077
mite	708.1851852	599.3333333	2.38	0.54	1.57	0.48	2.88	30.57324841
mobile	573.7241379	527.72	1.25	0.02	3.42	0.37	4.35	46.01487779
mobilità	571.3666667	607.5384615	1.65	0.16	1.55	0.12	3.78	50.41322314
modesto	611.2333333	539.3928571	2.79	0.61	0.65	0.49	3.19	34.92884864
modo	581.1785714	508.5185185	1.51	0.51	0.87	0.55	2.13	29.08438061
moglie	567.6666667	548.0833333	3.72	0.72	3.09	2.11	4.46	26.5248227
momento	602.6666667	530.2692308	1.62	0.71	0.78	0.67	2.24	26.07973422
mondo	571.3103448	550.4347826	2.82	1.66	2.48	2.09	4	17.93103448
moneta	587.8666667	528.8846154	3.05	0.26	4.4	1.21	4.79	33.04157549
montagna	565.1	566.5	2.18	0.42	1.91	2.42	4.91	37.9222973
montagne_russe	707.8965517	727.4642857	3.28	0.07	2.12	0.21	4.63	44.22890398
morale	608.0689655	542.2142857	2.7	0.16	0.37	0.18	2.46	43.27086882
morbido	559.4827586	528.0714286	0.56	0.74	4.89	0.3	3.21	47.31958763
morbillo	608.3103448	524.9285714	0.55	0.05	1.86	0.23	4.39	61.29943503
morboso	567.4074074	528.1923077	3.04	0.11	1.29	0.41	3.71	42.05607477
morte	549.4	526.5555556	1.86	0.12	1.35	1.25	3.61	42.61294261
morto	547.6333333	499.8518519	0.61	0.18	2.35	2.68	4.53	42.02898551
motivo	541.1666667	485.28	1.96	0.02	0.27	0.09	1.5	50.52083333
motocicletta	712.6785714	602.6071429	4.32	0.02	3.74	1.54	4.75	32.9157968
motore	592.6666667	529.7407407	4.26	0.05	2.84	2.21	4.39	31.56363636
mucca	554.0689655	559.9615385	4.18	2.54	3.51	3.14	4.77	12.29327453
muco	624.4137931	576.2916667	0.91	1.47	2.98	0.89	4.46	33.33333333
muffa	636.7931034	633.2272727	0.11	1.33	2.18	3.25	4.68	39.56709957
muffin	708.5652174	548.2692308	0.49	4.84	3.84	3.82	4.65	24.65986395
mulino	582.2	542.0833333	2.5	0.04	2.16	0.77	4.79	46.2962963
muro	511.1724138	543	0.51	0.07	4.3	0.14	4.82	48.27235772
muscoloso	591.962963	591.64	0.32	0.11	4.33	0.05	4.7	48.89589905
museo	622.2413793	554.0769231	2.25	0.04	1.75	0.88	4.79	48.91864058
musica	563.7586207	611.7692308	4.98	0.19	0.68	0.14	1.54	64.27622842
mutazione	720.4827586	656.36	1.18	0.23	1.36	0.5	3.66	49.49494949
mutilare	818.1111111	687.8571429	2.39	0.04	2.72	0.44	4.19	42.43353783
narcotico	777.8846154	641.2692308	0.84	1.36	1.29	1.51	2.64	23.56020942
nascondere	610.5172414	526.6428571	0.81	0.07	0.75	0.07	3.42	65.4296875
naso	553.7	488.56	0.75	0.12	4.35	1.81	4.67	38.88888889
natale	594.3333333	511.962963	3.77	2.61	2.18	2.53	4.6	15.42383684
natura	620.5333333	514.3076923	3.88	2.16	3.57	3.73	4.77	14.41192711
naturale	659.3666667	540.9333333	2.77	2.64	2.66	2.79	4.25	10.65519523
nave	579.6071429	508.0740741	3.58	0.07	2.72	1.05	4.81	38.75715454
negligenza	740.7037037	614.3333333	2.36	0.27	0.53	0.33	3.21	43.88059701
neonato	584.6428571	551.6896552	4.35	0.28	3.84	2.6	4.79	28.43631778
nero	564.1034483	512.5217391	0.21	0.26	0.42	0.25	4.88	77.57475083
nervoso	541.2758621	520.1481481	3.68	0.09	1.18	0.21	3.95	42.37102086
nettare	764.75	619.92	0.37	3.93	2	2.6	3.77	28.09786898
neve	540.8275862	520.76	1.05	1.46	4.56	1.05	4.84	29.24382716
nevrotico	612.3928571	564.6785714	3.32	0.04	0.61	0.09	3.61	46.54498044
nodo	591.4137931	515.7407407	0.28	0.11	4.49	0.21	4.63	46.50205761
noia	563.6333333	557.5925926	2.72	0.44	0.42	0.32	3.18	40.39548023
nome	571.1071429	519.5	4.4	0.13	0.26	0.11	2.4	58.76712329
notizie	580	639.1666667	4.4	0.12	0.3	0.09	3.61	50.58685446
nudo	601.5172414	590.7142857	0.51	0.39	3.96	0.95	4.84	41.78403756
nuotatore	649.2666667	619.4230769	2.54	0.07	1.81	0.86	4.68	46.28514056
nutrire	632.6071429	595.08	1.46	2.39	1.66	1.18	3.82	25.11893435
nuvole	532.4137931	578.96	0.09	0	0.18	0.16	4.91	91.94756554
nuvoloso	580.3333333	539.24	0.61	0.11	0.19	0.58	4.77	74.44089457
obbedire	655.0333333	492.3913043	3.11	0.09	0.54	0.09	3.09	43.6416185
obesità	596.6785714	517.962963	0.58	0.12	2.83	0.17	4.65	54.25149701
obitorio	764.25	584.7142857	0.98	0.05	0.98	1.55	4.34	54.30379747
occhio	549.5666667	475.48	0.19	0.25	3.05	0.04	4.77	56.98795181
occhiolino	638.7666667	568.9259259	0.05	0	0.47	0	4.93	90.4587156
oceano	540.9666667	487.0714286	3.67	0.91	2.63	2.6	4.77	26.47462277
odio	519.5172414	486.3793103	3.37	0.54	1	0.49	3.46	33.5214447
odioso	639.9655172	488.32	3.59	1.41	1.52	1.39	3.66	19.61970614
offendere	611.2413793	503.5652174	4.14	0.09	0.7	0.27	3.4	47.09302326
offendersi	693.2857143	544.1724138	3.28	0.04	0.47	0.18	3.23	45
ombra	603.4666667	497.862069	0.05	0	0.21	0.02	4.88	94.57364341
ombrello	583.3333333	550.2692308	1.3	0.04	4.35	0.18	4.82	44.71468662
omicida	578.5	567.2413793	2.42	0.05	1.07	0.44	3.77	48
onesto	581.1111111	471.2592593	3.23	0.21	0.6	0.28	3.23	40
onore	566.7	434.0769231	2.54	0.14	0.32	0.11	2.5	43.31550802
opinione	623.2413793	529.6153846	3.89	0.11	0.09	0.12	1.49	66.66666667
oppresso	629.8965517	565.7857143	2.74	0.07	1.02	0.16	3.79	47.81491003
opuscolo	704.8148148	587.96	0.43	0.04	3.8	0.7	4.71	48.24380165
opzione	641.037037	536.2142857	1.93	0.25	0.42	0.18	2.56	44.56928839
orchestra	610.6666667	548.1428571	4.96	0.04	1.14	0.25	4.54	45.0137237
orchidea	650.1428571	554.4827586	0.14	0.21	3.16	3.63	4.68	38.40947547
ordinato	592.2666667	515.5517241	0.77	0.33	2.44	0.21	4.53	52.17391304
orecchio	563.1333333	514.1333333	1.93	0.18	4.37	0.21	4.53	38.77005348
orgasmo	590.3928571	514.9230769	4.07	1.46	3.32	1.53	3.77	18.44522968
orgoglio	625.2333333	531.0357143	2.7	0.14	0.3	0.14	2.84	44.11764706
orgoglioso	587.3	466.1538462	3.47	0.12	0.3	0.18	3.46	44.48871182
oro	540.5	479.6206897	0.54	0.18	2.72	0.32	4.75	53.70152761
orologio	609.4666667	524.1153846	3.12	0.02	3.77	0.09	4.79	40.45801527
orribile	613.862069	497.2962963	3.4	2.54	2.05	2.4	4.47	16.28532974
orrore	564.8333333	506.2307692	3.74	1.35	1.54	1.47	4.51	25.05947661
osceno	618.3928571	530.2758621	3.42	1.37	1.21	1.46	4.28	26.14991482
ospedale	570.5357143	521	2.67	0.42	1.72	2.95	4.84	35.07936508
ossessione	599.7931034	532.3333333	2.8	0.7	0.98	0.79	2.89	26.83823529
ostacolare	641.2413793	591.137931	2.19	0.04	1.68	0.04	3.44	46.00811908
ostaggio	606.0740741	522.1666667	2.96	0.04	1.26	0.35	3.82	44.83985765
ostile	604.1153846	494.6153846	3.61	0.47	1.26	0.84	4.04	34.93150685
ottimismo	590.6896552	505.2	2.91	0.07	0.35	0.12	2.56	47.25457571
pace	518.5517241	489.9230769	3	0.68	0.79	0.51	3.19	32.80293758
padella	643.6896552	529.1071429	1.93	0.32	4.28	0.68	4.77	37.14524207
padre	540.4285714	509.2413793	3.96	0.47	3.23	2.4	4.65	28.41604351
palazzo	561.6428571	521.0689655	0.6	0.02	2.61	0.58	4.82	55.61993048
paletta	652.1785714	549.5185185	1.07	0.05	4.26	0.25	4.7	45.01452081
pallottola	770.3	579.2142857	2.88	0.07	3.73	1.07	4.45	35.90163934
palude	648.5714286	537.5	1.58	0.07	2.21	3.07	4.67	39.65517241
panca	631.4	513.9642857	0.65	0.04	4.3	0.44	4.77	46.37254902
panico	581.2666667	509.962963	3.65	0.25	0.98	0.4	3.82	39.23076923
pantalone	640.8928571	549.8965517	0.61	0.02	4.54	0.86	4.82	44.23963134
paradiso	589.9333333	512.1428571	1.44	0.82	0.77	0.82	2	21.02564103
paralisi	806.6923077	557.9285714	0.49	0.09	2.09	0	3.67	57.88643533
parte	645.1428571	525.5357143	1.09	0.32	1.96	0.36	3.54	44.29160935
passaggio	562.6333333	549.8214286	1.28	0.16	1.05	0.21	3.86	56.40243902
passione	572.6428571	483.2142857	2.95	1.14	2.42	1.26	3.61	21.70474517
pasta	639.4333333	535.2666667	0.79	4.75	3.98	3.61	4.72	22.18487395
pastello	681	544.2413793	0.82	0.19	3.95	0.88	4.67	42.62607041
pasticcio	637.3333333	566.9285714	2.13	1.77	1.73	1.48	3.8	21.26489459
patriota	716.1923077	585.8928571	3.04	0.11	0.84	0.32	3.58	43.97972117
paura	547.7666667	471.6428571	3.26	0.42	1.35	0.77	3.79	35.14077164
pavimento	633.8275862	507.8214286	0.63	0.05	4.23	0.47	4.74	46.34387352
paziente	606.6206897	540.5555556	2.96	0.02	0.81	0.16	3.63	47.62532982
pazzo	566.4642857	520.6071429	3.58	0.36	0.65	0.35	3.95	40.49493813
peccaminoso	762.5555556	622.6071429	2.81	0.95	1.58	0.89	3.44	26.37021717
peccato	555.2758621	544.6206897	2.6	0.64	1.09	0.36	3.02	34.50064851
pelliccia	656.4074074	622.037037	0.21	0.04	4.7	1.02	4.79	44.14498141
pena	591.3793103	498.28	2.96	0.21	0.68	0.39	3.23	40.42838019
penalità	637.8	532.6666667	2.86	0.12	0.59	0.12	3.14	44.21669107
pene	579.6666667	517.8461538	0.7	1.63	4.32	1.74	4.65	30.29141104
penna	591.5172414	507.962963	1.18	0.18	4.46	0.58	4.81	41.30240856
pensiero	641.7407407	505.8076923	1.77	0.3	0.32	0.33	0.82	41.52542373
pensieroso	683.1724138	571.962963	2.04	0	0.25	0.02	3.56	60.64735945
pentito	635.4444444	550.5	3.47	0.04	0.35	0.07	3.18	48.2419128
pentola	592.4137931	516.1851852	1.82	0.35	4.09	0.65	4.75	37.73584906
perdente	707.2413793	596.8571429	2.82	0.14	0.42	0.18	3.35	46.45441389
perfezione	651.4666667	599.3076923	3.37	2.63	2.61	2.12	4.11	13.4097035
pericolo	654.9	516.9615385	3.49	0.86	1.58	1.3	4.16	28.97278314
perso	579.5	549.75	1.82	0.16	0.61	0.18	2.82	47.58497317
persona	583.2068966	508.7857143	4.07	0.47	3.95	2.65	4.74	26.88916877
perspicacia	889.1538462	739.8	2.86	0.02	0.11	0.02	2.21	54.40613027
pervertito	656.3448276	590.2962963	3.14	0.14	1.14	0.25	3.7	42.53285544
pesce	548.3103448	513.8275862	1.49	4.73	4.26	4.44	4.84	16.9534413
pessimismo	636.137931	566.8518519	3.28	0.32	0.39	0.3	2.25	45.56574924
peste	591	510.8148148	1.46	0.02	1.3	0.86	3.49	48.66760168
pettegolezzo	633.1666667	557.3333333	4.56	0.04	0.04	0	1.51	74.14634146
piacere	562.0689655	535.3448276	3.81	3.46	3.63	3.34	3.84	2.765486726
pianta	575.7241379	497.3448276	0.81	1	4.25	2.96	4.81	28.92263196
piatto	525.2142857	550.962963	0.96	0.65	4.49	0.57	4.82	36.98868581
piazza	540.8965517	510.6071429	2.72	0.32	1.49	0.81	4.74	43.84920635
pidocchi	653.7241379	552.4137931	0.26	0.07	2.79	0.07	3.88	53.88967468
piede	605.3928571	571.52	0.63	0.23	4.28	2.68	4.82	36.31329114
pietà	557.4666667	537.1428571	3.12	0.17	0.56	0.13	3.4	44.30894309
pigro	602.5714286	542.24	2.89	0.04	0.58	0.14	4.02	51.8904824
pino	601.2222222	598.8333333	0.67	0.3	3.72	3.47	4.77	34.57076566
pioggia	613.7	514.8928571	4.33	1.11	3.81	2.79	4.7	21.44563919
pistola	643	539.0357143	3.91	0.05	3.95	1.16	4.79	34.1991342
pitone	682.0740741	607.9166667	2.11	0.32	3.3	0.39	4.56	39.70037453
pitturare	649.3928571	643.6896552	0.96	0.07	3.39	1.79	4.74	42.64840183
pizza	544.9310345	595.6428571	0.74	4.86	3.95	4.44	4.77	21.96162047
pizzicotto	694.0714286	666.6153846	1	0	4.6	0	3.37	51.28205128
poesia	632.1034483	534.0384615	4.67	0.23	0.3	0.21	3.42	50.50962627
poltrona	608.0666667	540.7407407	0.74	0.04	4.54	0.68	4.67	43.39268978
porta	548.5	516.25	2.82	0.05	4.47	0.42	4.84	38.01587302
posacenere	829.4285714	688.4482759	0.4	0.12	3.77	3.11	4.77	38.20870994
possente	620	550	1.84	0.59	2.89	0.43	4.25	38.2
possibilità	609.3448276	584.5384615	2.36	0.16	0.43	0.14	2.59	43.13380282
posta	607.7142857	486.1153846	1.13	0.04	3	0.46	4.73	50.10683761
poster	650.2333333	538.4074074	0.4	0.02	3.33	0.34	4.7	53.24232082
potente	568.9642857	491.48	3.39	1.23	1.96	1.44	4.05	23.36371168
potenza	616.1	557.7307692	2.91	0.89	2.2	0.8	3.54	26.49903288
povertà	585.9666667	525.4827586	2.23	0.6	0.9	0.58	4.12	41.99288256
prateria	767.84	640.7407407	1.82	0.21	2.14	2.46	4.77	40
prato	561.2758621	509.5714286	0.93	0.26	3.7	2.89	4.86	36.39240506
precipizio	793.16	632.4444444	1.16	0.02	1.61	0.11	4.75	61.83006536
preoccupato	581.3333333	537.6	3.56	0.23	0.98	0.3	4	41.56560088
pressione	621.5172414	543.4642857	1.96	0.13	3.64	0.2	2.65	40.90909091
prestigio	674.4333333	582.5769231	2.19	0.54	0.77	0.54	3.47	39.01464714
prete	606.4642857	530.7037037	3.58	0	0.98	0.45	4.68	48.29721362
prigione	591.1034483	548.8214286	2.44	0.23	1.95	1.04	4.64	42.81553398
primavera	590.5333333	541.5925926	2.74	0.77	1.37	3.49	4.49	28.92690513
privacy	607.8275862	555.7857143	1.87	0.09	0.67	0.13	2.47	45.50669216
problema	568.8571429	478.7692308	3.02	0.53	0.72	0.56	3.4	34.87241798
profitto	685.3448276	545.6666667	1.63	0.38	0.93	0.25	3.27	46.74922601
profumo	582.5925926	495.0869565	0.35	0.61	0.84	4.89	1.49	55.50122249
progresso	620.5	571.862069	2.65	0.35	0.7	0.25	3.42	43.01221167
promozione	633.0384615	554.25	2.86	0.14	0.18	0.14	2.86	44.01294498
prostituta	637.8275862	569.48	2.73	0.43	2.52	1.11	4.48	35.93611358
protetto	658.6551724	521.8518519	1.49	0.12	2.05	0.42	3.72	46.15384615
pugile	629.2413793	563.36	2.39	0.04	2.39	0.56	4.56	45.47283702
pugnale	687.0344828	588.1851852	0.81	0.02	4.19	0.14	4.75	47.72956609
pungente	661.2222222	586.6296296	1.19	1.91	4.12	2.09	3.09	23.62903226
punizione	642.4482759	589.1666667	3.19	0.3	1.44	0.32	3.54	36.86006826
puntura	692.2758621	614.1111111	0.6	0.02	4.39	0.11	4.19	46.93877551
pus	689.2173913	568.1666667	0.34	0.27	3.04	1.93	4.75	43.36882865
putrido	723.55	642.0769231	0.39	1.12	2.02	4.09	4.23	32.40506329
puttana	587.4642857	640.1481481	2.46	0.39	2.12	0.95	4.25	37.95476893
puzza	541.7241379	553.68	0.18	0.6	0.07	5	0.35	79.51612903
quaderno	597.4666667	531.5333333	1.09	0.16	4.16	1.26	4.77	40.2972028
quadro	629.5666667	514.3214286	0.14	0.11	3.25	0.21	4.82	55.21688159
qualità	514.862069	532.8888889	2.94	2.71	2.56	2.37	3.92	10.68965517
quarto	575.9310345	491.8518519	1.28	0.14	1	0	3.32	57.83972125
quercia	689.5357143	548.5517241	0.93	0.18	3.72	1.79	4.75	40.19349164
rabbia	554.0689655	497.5862069	3.96	0.16	1	0.16	3.89	41.43947655
radiatore	729.9285714	509.2666667	1.8	0.04	3.04	0.88	4.52	43.57976654
radio	632.6666667	473.1071429	4.74	0.09	2.82	0.26	3.89	39.40677966
radioso	607.7586207	470.1034483	1.47	0.04	0.26	0.21	4.47	68.68217054
ragazza	528.2	488.9285714	3.96	0.51	3.58	2.56	4.77	27.69830949
ragazzini	673.4333333	523.1428571	4.28	0.07	1.86	1.09	4.81	39.14120562
ragazzo	563.1	490.0714286	3.67	0.21	3.21	1.75	4.82	33.74816984
raggomitolarsi	906.173913	659.9655172	0.68	0.05	3.14	0.14	4.12	50.06150062
ragno	533.5	482.9285714	0.46	0.16	2.96	0.11	4.82	55.346651
rammaricato	882.4285714	644.8928571	3.25	0.14	0.37	0.11	3.33	44.72222222
rana	630.037037	492.4666667	3.96	1.56	3.32	1.02	4.72	25.37722908
rancido	785.1666667	602.7586207	0.32	4.25	1.23	4.04	2.91	30.82352941
rapido	548.3793103	457.5517241	2.72	0.12	1.28	0.26	4.46	49.09502262
rapimento	686.7142857	585.8275862	3.02	0.04	1.11	0.33	3.84	45.56354916
rapinatore	683.9666667	547.7241379	3.27	0	1.2	0.18	4.38	48.50498339
rapporto_sessuale	727.7666667	645.2333333	4.14	1.98	4.28	2.53	4.63	15.09111617
rasoio	649.5333333	518.4482759	2.07	0.09	4.51	0.26	4.7	39.638865
ratto	585.4666667	499	3	0.23	2.91	1.32	4.84	37.4796748
re	668.2692308	498.1071429	2.79	0.21	1.3	0.46	4.53	46.50161464
regalo	549.7666667	461.1428571	1.98	0.74	3.67	0.93	4.77	33.33333333
regina	559.3	500.4615385	2.46	0	1.19	0.3	4.54	53.47467609
respinto	737.2758621	564.9642857	2.58	0.18	1.37	0.21	3.56	42.78481013
rettile	673.1724138	542.2857143	1.96	0.35	3.32	0.47	4.77	40.66237351
revolver	753.9583333	562.9615385	3.67	0.13	3.59	1.04	4.61	34.35582822
ribelle	597.3703704	502.7777778	3.63	0.37	0.86	0.54	3.88	37.82327586
ricatto	672.8076923	544.9310345	3.79	0.04	0.28	0.11	2.75	53.80200861
ricchezze	655.1333333	540.0357143	1.7	0.58	2.02	0.63	4.21	39.71553611
ricco	596.2666667	499.36	2.25	1	1.74	0.95	4.37	33.17167798
ricompensa	649.037037	506.8148148	2.3	0.82	1.75	0.55	3.75	34.89640131
riconoscente	694.4	542.6071429	3.53	0.11	1.05	0.05	3.67	43.04399524
ricordi	640.6666667	498.4814815	2.95	1.88	1.74	2.11	2.82	10.52173913
ridicolo	607.9655172	576.0740741	3.57	0.29	0.52	0.36	4.04	42.71070615
rifiuto	597.7333333	511.5	3	0.6	1.61	1.6	3.72	29.62962963
righello	615.0357143	528.3571429	0.7	0.02	4.37	0.21	4.77	47.16981132
rigido	603.25	543.2307692	1.09	0.21	4.82	0.09	3.95	46.55511811
rilassato	678.8333333	586.0357143	3	0.3	2.02	0.56	3.91	36.87436159
rinfresco	667.5517241	589.4285714	1.39	3.49	2.09	2.18	4.37	22.04142012
riparato	783.4230769	569.9259259	0.82	0.07	2.64	0.11	4.26	53.03797468
risata	609.137931	527.7037037	4.79	0.02	0.19	0.02	3.81	54.02038505
riservato	583.5172414	549.7857143	2.61	0.04	0.43	0.13	3.39	50.75757576
rispetto	681.3	574.6333333	3.37	0.19	0.91	0.25	3.46	39.97555012
rispettoso	711.6333333	532.1153846	3.33	0.12	0.91	0.3	3.37	40.4732254
risposta	575.1666667	543.3703704	4.32	0.19	0.54	0.21	2.65	52.21238938
ristorante	624.5333333	522.1851852	3.09	3.3	2.23	3.47	4.61	14.25149701
risultato	601.8928571	554.4444444	2.16	0.63	0.82	0.49	3.68	41.00257069
ritardato	628.1	586.4333333	2.65	0.23	0.77	0.33	3.11	40.62059238
riunione	680.3666667	530.1785714	3.86	0.04	0.48	0.38	4.14	46.06741573
riverente	909.8846154	639.5	2.91	0.08	0.28	0.21	3.6	49.71751412
rivista	674.4230769	609.6666667	1.05	0.07	4.07	1.44	4.81	41.43356643
rivolta	664.2068966	482.3076923	3.96	0.05	0.68	0.32	4.25	45.35637149
rivoltella	764.6956522	614.7586207	3.58	0.04	3.86	0.93	4.53	34.69860896
roccia	567.1666667	488.7	1.05	0.02	4.67	0.4	4.75	43.43434343
romantico	572.5333333	517.56	3.65	0.88	1.6	1.18	4.23	29.02946274
rosa	599.9	471.6551724	0.32	0.37	1.54	1.68	4.88	51.87713311
rosso	535.9310345	453.25	0.32	0.51	0.56	0.42	4.91	68.30357143
rotto	592.5	474.4814815	2.91	0.12	4	0.25	4.72	38.33333333
rovente	638.2592593	522.9259259	1.14	1.07	4.91	0.79	2.91	38.07763401
rumoroso	604.5714286	571.8846154	5	0.07	0.23	0.12	1.49	71.34587554
ruvido	609.9230769	507.6363636	0.7	0.47	4.98	0.05	3.16	52.67094017
saggio	591.6	502.5	3.93	0.09	0.35	0.12	3.04	50.99601594
salice	669.4444444	592.1071429	0.86	0.23	3.14	1.65	4.68	42.14015152
salutare	637.8333333	541.8888889	3.32	0.88	1.91	0.51	4.39	35.24069028
salute	562.3103448	489.962963	1.65	0.58	1.04	0.86	3.54	38.59191656
saluto	551.5517241	505.5555556	4.61	0.05	2.4	0.09	4.39	39.51473137
salvare	571.7	513.3928571	2.11	0	1.28	0.12	3.54	50.21276596
salvataggio	685.2758621	609.6333333	2.82	0.23	2.05	0.21	4.29	42.5
salvatore	559.2758621	529.7	2.46	0.21	1.25	0.23	3.29	41.39784946
sanguinoso	675.4666667	564.8928571	1.4	1.18	2.12	1.63	4.68	31.78928247
santo	591.2307692	525.0384615	1.77	0.12	0.42	0.35	2.39	44.95049505
sbalordito	690.1851852	668.5	3.39	0.51	0.67	0.49	4.11	39.47655398
scala	600.6896552	516.6296296	1.26	0.02	3.58	0.11	4.58	47.7486911
scandalo	571.8571429	512.7142857	3.54	0.26	0.51	0.39	3.42	40.39408867
scarafaggio	689.3	555.0714286	1.37	0.42	2.93	0.46	4.86	44.22310757
scarpa	619.7857143	610.6896552	1.51	0.07	4.32	1.98	4.77	37.1541502
scettico	703.1071429	542.137931	3.32	0.05	0.29	0.05	3	48.73323398
scherzo	569.8333333	577.4482759	3.95	0.68	1.5	0.7	3.98	30.52728955
schiacciato	766.2068966	623	1.89	0.38	3.86	0.23	4.51	39.37442502
schiaffo	587.9333333	522.5	3.54	0.07	4.44	0	4.42	35.60545309
schiavo	561.3214286	575.9285714	2.81	0	1.23	0.26	4.19	49.35217903
schiuma	584	578.5833333	1.11	0.91	4.19	1.19	4.65	31.0373444
schivo	762.037037	564	2.28	0.13	0.61	0.07	3.54	52.33785822
sciarpa	700.8148148	526.2413793	0.47	0.16	4.65	1.14	4.7	40.82733813
scimmia	593.4666667	503.6206897	4.32	0.18	3.42	2.33	4.86	30.97286565
sciocchezza	652.6071429	592.862069	3.74	0.33	0.55	0.19	2.86	46.28422425
sciocco	603.6	521.2142857	3.63	0.16	0.4	0.18	3.49	44.1475827
scodella	687.3103448	561.7307692	1.2	0.21	4.36	0.34	4.75	41.80478821
scolapasta	824.1153846	656.0689655	0.98	0.07	4.42	0.28	4.79	44.78178368
scolorina	878.2666667	655.6	0.93	0.19	2.94	2.67	4.43	37.99283154
sconfitto	624.2666667	516.0357143	2.96	0.14	0.39	0.21	3.79	48.73164219
scooter	655.56	583.48	4.25	0.04	3.86	1.74	4.75	32.17213115
scoraggiato	725.862069	605.3214286	3.32	0.12	0.36	0.14	3.54	45.72192513
scorbuto	811	596.44	1.36	0.34	1.04	0.34	3.13	44.92753623
scorie	789.8421053	577.6	0.85	0.37	1.65	2.07	3.51	37.15976331
scorpione	605.5	524.2962963	0.79	0.37	3.09	0.11	4.68	50.55309735
scrittore	596.2	608.6428571	2.37	0.07	1.42	0.25	4.3	50.29726516
scrivania	619.8666667	557.1428571	0.77	0.04	4.28	0.32	4.77	46.46365422
sculacciata	839.3571429	712.0666667	3.54	0.02	4.35	0.09	4.35	35.06072874
scusa	568.5517241	526.8148148	4.12	0.07	0.6	0.09	2.56	54.43548387
sdegnoso	834.7826087	641.2692308	3.16	0.52	0.62	0.55	3.27	33.86699507
sedia	574.9285714	485.6	1.37	0.05	4.42	0.3	4.7	42.89667897
sedile	610.44	501.5416667	0.39	0.04	4.14	0.56	4.68	47.29867482
seno	576.5517241	499.1538462	0.37	0.81	4.49	1.14	4.81	38.20998279
sentimento	685.9310345	562.6428571	2.42	0.89	1.42	0.88	2.46	19.57868649
sepoltura	689.7241379	595.92	1.61	0	1.18	0.84	4.44	55.01858736
serbatoio	699.3	588.8928571	0.96	0.02	2.89	1.65	4.51	44.76570289
sereno	661.1724138	531.3703704	3.3	0.36	0.98	0.7	4.3	40.87136929
serio	671.2222222	499.16	3.4	0.32	0.75	0.51	3.77	39.42857143
serpente	623.3793103	543.12	2.51	0.47	3.39	0.33	4.77	38.70967742
sesso	611.7241379	539.7142857	3.89	2.13	4.32	2.68	4.72	14.59977452
seta	611.2857143	518.6666667	0.82	0.11	4.68	0.67	4.3	43.19470699
sexy	594.1	548.3928571	3.37	1.25	3.49	2.05	4.74	23.42281879
sfera	686.8928571	543.7083333	0.37	0.09	4.7	0.04	4.77	47.44232698
sgabello	689.3928571	618.9230769	0.86	0.04	4.44	0.18	4.77	45.96695821
sgradevole	668.0357143	583.6296296	3.79	4.14	3.23	4.11	4.16	4.786412764
sicuro	543.8333333	500.75	2.44	0.6	1.89	0.72	3.72	33.2977588
sifilide	908.3333333	712.0769231	0.54	0.11	1.02	0.5	2.36	49.66887417
silenzioso	619.137931	543.7037037	4.47	0	0.07	0	1.84	70.06269592
simpatico	578.8965517	554.6296296	3.84	0.27	0.84	0.38	3.54	40.24802706
sleale	861.1333333	675.4482759	3.07	0.16	0.35	0.19	3.51	46.01648352
snob	667.6666667	527.5384615	3.6	0.44	0.53	0.56	4.05	39.32461874
socievole	609.2666667	593.25	3.81	0.18	1.25	0.21	3.82	39.26645092
soddisfatto	669.1333333	547.8571429	3.21	1.14	1.02	0.68	3.67	30.76131687
soffocare	626.2666667	635.7777778	2.34	0.38	2.38	0.64	3.46	33.47826087
sogno	550.7931034	472.0384615	2.04	0.81	0.95	0.82	2.6	24.79224377
sole	552.9642857	459.4285714	0.28	0.09	1.14	0.21	4.96	72.90419162
soleggiato	766.2307692	591.1333333	0.21	0.09	1.34	0.25	4.82	70.49180328
solenne	743.5384615	524.1724138	3.42	0.28	0.49	0.74	3.72	39.76878613
solitario	667.9285714	522.0344828	1.63	0.05	0.42	0.04	4.02	64.61038961
solitudine	609.7586207	504.28	2.35	0.19	0.63	0.19	3.42	47.64011799
solo	572.6	463.5384615	2.33	0.25	1.19	0.09	4.14	50.625
sommesso	748.1923077	560.4827586	3.34	0.23	0.49	0.3	2.64	44.42857143
sonaglio	724.4074074	584.08	4.7	0.05	3.02	0.16	4.07	38.75
sontuoso	774.1818182	630.5217391	1.8	0.86	1.73	0.54	4.41	41.43468951
sopraffatto	820.2962963	597.7692308	2.91	0.44	0.86	0.53	3.75	38.98704358
sorpresa	613.2	523.3214286	3.93	1.37	1.56	1.09	4.25	25.90163934
sorpreso	624.3333333	549.5714286	3.7	0.5	0.82	0.45	4.16	38.52544133
sorriso	559.6785714	519.88	0.91	0.02	1.26	0.02	4.81	68.23361823
sospettoso	674.6551724	538.64	3.07	0.35	0.4	0.61	3.61	40.54726368
spaventato	630.5172414	569.5172414	3.98	0.02	0.8	0.3	4.29	45.47390841
spaventoso	570.0333333	561.3703704	4.14	0.77	1.42	0.96	4.58	32.09772536
spazio	555.6551724	544.3214286	1.35	0.11	1.98	0.33	4.58	53.53293413
spazzatura	622.4666667	561.7241379	0.52	0.27	2.63	4.36	4.71	35.54843875
specchio	616.2068966	537.8076923	0.58	0.02	3.37	0.11	4.84	54.03587444
spensierato	781.4333333	597.4285714	3.04	0.27	0.38	0.45	3.52	42.42819843
speranza	572.0344828	548.1428571	2.58	0.21	0.3	0.18	2.26	43.39963834
speranzoso	723.9310345	593.6551724	3.18	0.11	0.34	0.18	2.96	45.34711965
spiaggia	561.25	565.3793103	3.42	0.32	4.02	2.47	4.82	29.90033223
spillatrice	846.0714286	692.5555556	2.75	0.11	4.02	0.14	4.66	38.95547945
spina	604.1428571	560.826087	0.44	0.26	4.7	0.07	4.6	45.97815293
spirito	604.6666667	616.8	1.04	0.09	0.07	0.3	0.81	41.99134199
sporcizia	715.5555556	628.3214286	0.44	0.47	2.79	3.56	4.61	35.1305813
sporco	573.2	527.7307692	0.47	0.84	2.65	3.35	4.74	35.43568465
sposa	522.0333333	530.6923077	2.19	0.21	2.19	0.74	4.81	45.36489152
sposo	596.4666667	518.2758621	2.58	0.19	1.77	0.72	4.58	44.61382114
spray	609.7857143	544.7777778	3.53	0.68	2.82	3.47	3.96	22.68326418
sprezzante	793.5714286	584.6428571	3.55	0.45	0.73	0.38	3.53	36.68981481
squalo	592.3	529.3461538	1.53	0.74	2.63	0.56	4.75	41.03819785
stagnante	867.9047619	661.8571429	0.73	0.41	0.95	3.32	4.13	38.99371069
stampella	679.4444444	553.7407407	1.56	0.05	4.25	0.16	4.89	44.36296975
stampo	580.6206897	535.0689655	0.85	0.07	3.15	0.2	4.46	50.28636884
stanco	565.3666667	511.6428571	3.21	0.12	0.95	0.28	4.11	46.02076125
statua	628	525.7666667	0.28	0.05	3.98	0.18	4.81	51.1827957
stella	614.7692308	542.8518519	0.21	0	0.42	0	4.81	88.41911765
stomaco	533.5333333	519.7407407	1.64	0.56	1.7	0.42	2.64	31.89655172
storia	572.1851852	526.8076923	3.54	0.09	0.46	0.28	2.7	48.79773692
strada	598.8148148	523.5333333	2.91	0.05	2.33	1.3	4.75	41.44620811
strano	591.2758621	521.8928571	3.75	3.09	3.18	2.93	4.23	7.5669383
stress	576.0333333	556.72	2.88	0.21	1.11	0.4	3.32	39.26767677
stressato	654.7666667	616.5862069	3.14	0.04	0.84	0.26	3.93	47.38124239
strillo	687.5185185	599.92	4.86	0.02	0.04	0	1.72	73.19277108
striscione	709.25	656.4444444	0.49	0.02	3.26	0.19	4.81	54.61801596
stritolare	837.1481481	693.2222222	1.7	0.02	4.19	0.09	3.95	41.90954774
studioso	566.9333333	593.52	2.91	0.02	0.44	0.11	4.16	54.18848168
stufa	638.4333333	560.173913	1.67	0.04	3.91	1.67	4.77	39.22056385
stupefatto	777.4827586	607.2962963	3.09	0.56	0.65	0.61	3.96	38.33145434
stupido	586.2	531.7727273	3.87	0.13	0.4	0.16	3.69	45.33333333
stupito	571.1333333	564.2307692	3.84	0.18	0.41	0.23	4.07	44.55899198
stupro	616.4666667	578	3.44	0.49	2.68	0.88	4	30.54830287
successo	596.8	524.1724138	2.84	0.54	0.68	0.44	3.42	37.62626263
sudiciume	884.125	672.2692308	0.45	0.52	3	3.66	4.38	32.72273106
sughero	730.8148148	547.7407407	0.49	0.46	4.19	2	4.65	35.53859203
suicidio	563.5666667	583.5862069	2.26	0.19	0.89	0.39	3.68	47.09851552
suora	591.8333333	520.5185185	2.73	0.02	1.75	0.51	4.88	49.14054601
svestito	729.037037	639.3076923	0.61	0.32	3.77	0.54	4.89	45.11352419
t-shirt	667.2222222	638.6333333	0.36	0.07	4.4	1.18	4.74	43.44186047
tabacco	555.4666667	496.6296296	0.58	3.47	3.11	4.53	4.48	24.427953
tagliere	672.7333333	543.2916667	0.98	0.63	4.14	1.04	4.74	35.6461405
taglio	587	528.7	1.19	0.14	4.16	0.28	4.54	42.67701261
talento	607.6896552	505.7037037	3.46	1.67	1.51	1.14	3.82	23.10344828
tappeto	653.8666667	490.6	0.75	0.02	4.09	0.96	4.77	44.85363551
tavolo	620.1	517.1153846	0.96	0.16	4.35	0.42	4.79	43.35205993
taxi	570.4333333	499.3571429	3.16	0	2.67	1.25	4.81	40.45416316
teglia	750.2916667	557.1923077	1.19	0.67	4.18	0.95	4.72	34.58582408
temperino	618.9285714	508.2962963	2.19	0.11	4.32	0.61	4.72	38.57740586
tempesta	598.8666667	492.7931034	4.33	0.07	1.02	1.54	4.65	39.44875108
tempo	565.1071429	469.76	1.65	0.19	0.47	0.32	2.47	44.70588235
tenda	530.2222222	513.4615385	0.58	0.02	3.6	0.77	4.79	48.87295082
tenero	559.6	529.8076923	2.47	2.12	3.28	0.53	3.75	26.50205761
tennis	577.862069	524.6296296	3.28	0.12	2.35	0.56	4.56	40.84636615
teoria	623.4230769	550.0769231	2.98	0.14	0.18	0.14	1.98	52.39852399
termite	792.95	681.7142857	1.43	0.17	1.61	0.22	3.87	50.68493151
termometro	690.8275862	613.037037	0.75	0.11	3.82	0.12	4.77	48.6938349
terra	558.4666667	504.9230769	1.16	0.81	4.23	2.89	4.7	28.20884699
terrazzo	623.4333333	528.6153846	0.84	0.07	2.04	0.7	4.75	55.71428571
terrificante	719.6551724	584.9285714	4.12	1.28	1.4	1.26	4.49	25.73705179
terrorista	643.5172414	534.8	3.32	0.04	0.95	0.25	3.89	45.56213018
terrorizzato	694.8	562.5	4	0.07	1.12	0.35	4.33	43.16109422
teso	624.84	497.8888889	2.46	0	3.14	0.23	3.98	40.57084608
tesoro	558.9333333	511.2142857	1.05	0.25	3.25	0.36	4.71	46.36174636
tessuto	571.7333333	518.8846154	0.61	0.09	4.68	1.09	4.73	41.42857143
testa	552.1724138	486.0344828	0.53	0.14	4.14	0.58	4.77	45.57086614
tetro	705.72	541.48	2.6	0.23	0.42	0.46	4.46	51.7747858
tetto	549.2758621	492.4074074	0.47	0.02	2.58	0.14	4.72	59.26860025
tigre	599.3666667	554.875	3.89	0.16	2.84	0.89	4.91	37.43104807
timido	629.5	535.9130435	3.42	0.09	0.7	0.09	4	47.10843373
tomba	545.5666667	489.3703704	0.7	0.04	2.91	0.93	4.66	50
topo	571.3666667	481.5384615	3.32	0.23	3.37	1.34	4.79	34.94252874
tornado	686.2413793	518.6296296	3.82	0.04	1	0.27	4.46	46.08967675
torre	561.6785714	494.6428571	0.37	0.02	2.82	0.21	4.82	58.25242718
torta	586.1333333	465.2307692	0.46	4.86	3.98	4.16	4.84	24.04371585
tortura	599.2758621	550.5714286	3.58	0.12	2.26	0.53	4.14	37.81749765
tossico	579.1851852	503.2962963	1.13	2.91	1.27	3.25	2.95	18.41876629
tradire	582.9333333	492.5714286	2.74	0.19	1.07	0.47	3.44	41.08723135
traditore	575.6896552	516.4827586	3.28	0.04	0.58	0.19	3.35	44.48924731
tragedia	616.6896552	487.6923077	3.74	0.25	0.6	0.33	4.07	42.4916574
tram	623.5172414	516.3	4.11	0.02	3.07	1.54	4.82	35.39823009
tramonto	647.8275862	509.5714286	0.6	0.02	0.12	0.3	4.98	82.39202658
trampolino	643.25	539.2857143	1.74	0.04	3.42	0.14	4.72	46.52087475
tranquillo	565.4137931	534.4137931	3.75	0.39	1.32	0.56	4.04	36.28230616
trauma	571.0666667	519.2142857	2.82	0.44	2.04	0.65	3.49	32.30932203
treno	596.1	491.6923077	4.58	0.02	2.95	1.7	4.84	34.20865862
trionfante	701.2142857	599.9615385	3.54	0.33	0.46	0.23	4.07	44.49594438
trionfo	633.1153846	561.5384615	3.26	0.53	0.84	0.37	3.81	39.04653802
triste	576.5517241	508.7083333	3.95	0.32	0.63	0.18	4.26	43.68308351
trofeo	650.2068966	542.72	0.74	0.05	3.82	0.14	4.67	49.04458599
tromba	572.4666667	526.1428571	4.75	0.23	3.86	0.23	4.63	32.99270073
tronco	565.5333333	490.0357143	0.8	0.18	4.29	1.23	4.68	40.25044723
truffa	593.0357143	554.5555556	2.77	0.32	0.46	0.37	3.37	41.83813443
tuffatore	784.8	680.7307692	3.23	0.04	1.25	0.6	4.51	46.41744548
tumore	535.1	526.0714286	0.75	0.05	1.25	0.19	2.21	48.53932584
turbato	662.6	543.5333333	3.5	0.23	0.57	0.43	3.95	42.85714286
uccello	580.7333333	570.6551724	4.05	1.09	3.18	0.96	4.82	27.37588652
ufficio	586.7	627.9259259	2.49	0.11	2.12	0.93	4.61	43.85964912
ulcera	666.16	642.5	0.32	0.16	2.02	0.16	2.02	39.74358974
ulivo	665.9615385	602.3913043	0.54	0.75	3.51	2.63	4.68	34.18662263
umano	553.5862069	530.6086957	4.18	1.25	3.64	2.55	4.54	20.35891089
umile	569.7931034	507.8	3.23	0.46	0.72	0.42	3.67	38.23529412
umiliare	616.1428571	646.5357143	3.7	0.19	0.91	0.3	3.63	40.20618557
unità	541.4	601.4	2.04	0.26	2.14	0.1	3.94	45.28301887
uomo	504.1	489.6086957	3.75	0.63	3.39	2.16	4.79	28.26086957
uovo	560.4666667	490.5185185	1.19	4.67	4.3	3.25	4.81	19.86827662
uragano	605.8571429	530.3103448	3.82	0.12	1.04	0.68	4.58	43.5546875
urina	608.862069	507.826087	2.53	0.53	1.79	3.91	4.61	30.51608078
urlo	598.4285714	499.8695652	4.95	0.02	0.14	0.04	1.88	70.12802276
usanza	682.8148148	547.5172414	2.84	1.09	0.98	1.02	3.4	25.93783494
utensile	726	589.962963	1.86	0.12	4.42	0.42	4.74	39.96539792
utile	589.9666667	595.4444444	2.04	0.38	1.57	0.5	3.41	38.35443038
vacanza	546.2666667	486.9642857	2.77	1.41	1.39	1.66	3.73	21.35036496
vagina	569.1666667	547.2592593	1.02	2.11	4.3	2.54	4.63	24.7260274
vaiolo	663.7368421	603.862069	0.53	0.09	1	0.42	3.36	60.55555556
valanga	630	556.0714286	3.95	0.16	1.79	0.56	4.72	40.78711986
vampiro	571.4137931	517.5172414	1.28	0.07	0.74	0.21	2.98	55.11363636
vandalo	640.7777778	509.3703704	2.58	0.04	1.02	0.53	4.25	50
vanità	572.0666667	480.8888889	3.15	0.25	0.54	0.62	3.67	41.55528554
vantaggio	632.9655172	537.5925926	2.11	0.14	0.46	0.14	2.81	47.17314488
vasca	555.4666667	496.3333333	1.32	0.05	3.88	0.7	4.7	43.66197183
vaso	548.3448276	517.4285714	0.93	0.05	4.09	0.42	4.77	46.00389864
vecchiume	852.64	600.7037037	1.21	0.89	2.21	2.62	4.34	30.6122449
veicolo	632	556.5185185	3.74	0	3.49	1.63	4.74	34.85294118
veleno	604.6666667	477.2692308	0.37	3.39	0.74	2.39	2.65	31.65618449
veloce	557.2666667	489.6296296	3.04	0.07	1.32	0.12	4.46	48.7236404
verde	577.8214286	504.6785714	0.4	0.6	0.54	0.6	4.89	63.86913229
vergine	584.2758621	544.4814815	1.11	0.32	1.89	0.28	2.04	31.20567376
vergognato	671.1034483	586.9285714	2.79	0.19	0.49	0.28	3.74	47.3965287
verità	539.9310345	517.7857143	3.56	0.35	0.63	0.37	2.98	40.68441065
vescica	647.0333333	586.7931034	0.47	0.04	2.42	0.3	2.61	44.00684932
vespa	617.862069	498.4285714	3.95	0.07	2.96	0.3	4.74	38.85191348
vestito	641.9666667	551.9230769	0.6	0.02	4.3	1.04	4.88	44.83394834
vetro	573.4	492.6428571	2.26	0.12	4.12	0.05	4.77	41.69611307
viaggiare	582.0333333	571	2.82	1.56	1.67	1.84	3.96	20.25316456
viaggio	597.1333333	555.7586207	2.72	1.23	1.54	1.67	3.96	24.55035971
viale	678.1111111	573.1034483	1.75	0.05	1.16	0.98	4.67	53.65853659
vicolo	686.5	597.8076923	1.12	0	0.86	0.74	4.58	62.73972603
vigliacco	618.8666667	628.2592593	3.05	0.09	0.3	0.18	3.65	48.96836314
vigoroso	621.5517241	567.3461538	1.98	0.56	2.75	0.54	4.11	35.91549296
villaggio	687.4137931	622.2962963	2.89	0.18	1.16	1.12	4.68	44.86540379
villetta	754.6666667	686.7407407	0.81	0.04	1.77	0.58	4.81	59.5505618
vincere	581.6666667	604.8275862	3.12	0.46	0.88	0.42	3.53	36.97978597
vincitore	620.4666667	541.3333333	3.32	0.25	1.04	0.28	4.11	42.88888889
vino	544.2758621	512.5652174	0.95	4.96	1.89	4.21	4.58	24.17118746
violento	532.5172414	520.5769231	3.95	0.47	2.72	0.71	4.47	32.46753247
violino	599.8666667	511.7692308	4.81	0.04	3.79	0.33	4.49	35.43833581
virtù	554.7142857	495.16	2.86	0.35	0.33	0.27	2.96	39.73412112
vista	616.3214286	606.862069	0.19	0.02	0.04	0.05	4.7	93.6
vita	591.6551724	601.5185185	3.29	2	2.66	2.27	3.88	13.33333333
vittima	556.1785714	583.2592593	3.05	0.02	1.27	0.2	3.96	46.35294118
vittoria	557.9666667	607.4814815	3.09	0.4	0.96	0.32	3.72	40.04711425
vivace	595.5862069	547.8214286	3.6	1.04	1.07	0.74	4.11	31.91287879
vivo	554.7	535.2608696	4.05	1.11	3.65	1.89	4.54	22.50656168
voglia	549.3448276	525.5925926	2.18	1.73	1.3	1.37	2.51	13.31133113
vomito	569.6666667	520.7857143	2.95	3.09	2.04	4.11	4.58	15.14609422
vulcano	662.2333333	578.3571429	3.21	0.04	1.44	2	4.81	41.47826087
yacht	750.875	644.8214286	2.14	0.02	2.57	0.43	4.79	47.93969849
zaffiro	735.1785714	625.3214286	0.4	0.05	2.98	0.09	4.68	56.46341463
zanzara	605	539.5862069	4.65	0.09	2.93	0.16	4.44	37.16381418
zucchero	542.7	577.8148148	0.6	4.86	3.28	1.68	4.26	29.01907357
