word	lexical decision rt	lexical decision accuracy
boleh	470.0455	1.0000
ambak	475.7500	0.0909
bahaya	481.4884	0.9773
hidup	483.3095	0.9545
cinta	486.0952	0.9545
pakai	493.0698	0.9773
indah	496.6190	0.9545
puji	499.1190	0.9545
rindu	500.7500	1.0000
takut	501.0455	1.0000
bodoh	501.7442	0.9773
faham	502.9535	0.9773
naik	503.9091	1.0000
sedia	504.0698	0.9773
betul	505.5581	0.9773
rasa	506.4419	0.9773
beli	507.0000	0.9773
lari	508.2857	0.9545
sendiri	508.4651	0.9773
soal	509.6512	0.9773
niat	509.9091	1.0000
korban	510.1860	0.9773
laut	510.2955	1.0000
tanda	511.7907	0.9773
bersih	511.9302	0.9773
bahasa	512.1395	0.9773
mahal	512.1905	0.9545
cucu	512.6047	0.9773
tutup	512.7209	0.9773
mula	513.9302	0.9773
rahsia	514.4286	0.9545
kawan	514.9773	1.0000
dapat	515.3409	1.0000
sembuh	515.3636	1.0000
budi	517.4884	0.9773
fikir	518.3023	0.9773
besar	518.8372	0.9773
keluar	519.1136	1.0000
sesat	520.0930	0.9773
ingin	520.5116	0.9773
buaya	520.5227	1.0000
siap	521.0698	0.9773
serta	521.0714	0.9545
sunyi	521.5227	1.0000
kasih	521.7442	0.9773
minat	522.2558	0.9773
bayar	522.3182	1.0000
senyum	522.4651	0.9773
kembali	522.5238	0.9545
baca	522.5349	0.9773
satu	523.1667	0.9545
cepat	523.4186	0.9773
ayah	524.0698	0.9773
tamat	524.3256	0.9773
manusia	524.4318	1.0000
tahan	524.4545	1.0000
hal	524.5366	0.9318
abang	524.8605	0.9773
ingat	525.0455	1.0000
gelap	525.1905	0.9545
pasang	525.2791	0.9773
kaya	525.4545	1.0000
pasar	526.0476	0.9545
sahaja	526.0909	1.0000
nasib	526.1163	0.9773
nikah	526.3256	0.9773
lihat	526.3636	1.0000
jahat	527.0698	0.9773
buah	527.1395	0.9773
panjang	527.1905	0.9545
raya	527.5227	1.0000
kejut	527.5854	0.9318
jalan	527.7857	0.9545
nama	527.9070	0.9773
lemah	527.9756	0.9318
kata	528.0930	0.9773
haiwan	528.5000	1.0000
hormat	528.8571	0.9545
kapal	528.9286	0.9545
beri	529.2791	0.9773
sampai	529.4545	1.0000
teman	529.4884	0.9773
bangun	529.6977	0.9773
utama	529.9024	0.9318
belanja	530.0455	1.0000
angin	530.2683	0.9318
masak	530.4773	1.0000
kaki	530.7500	1.0000
bumi	530.9070	0.9773
pasti	531.1163	0.9773
kirim	531.1591	1.0000
sifat	531.3409	1.0000
kerja	531.5682	1.0000
bomba	531.9545	1.0000
lepas	532.1628	0.9773
sudah	532.2273	1.0000
curi	532.4318	1.0000
cari	532.5349	0.9773
kecil	532.8605	0.9773
hapus	532.9545	1.0000
bomoh	533.2045	1.0000
tiada	533.5349	0.9773
masuk	533.7209	0.9773
duduk	533.8140	0.9773
pantas	534.0227	1.0000
pondok	534.4419	0.9773
dewasa	534.4545	1.0000
buat	534.7907	0.9773
kuasa	535.0682	1.0000
kampung	535.3023	0.9773
cermin	535.3182	1.0000
sempit	535.4419	0.9773
putus	535.4524	0.9545
tentu	535.6364	1.0000
khas	535.6977	0.9773
keluarga	535.8636	1.0000
dahulu	536.1395	0.9773
hantar	536.5682	1.0000
ekor	536.6279	0.9773
usia	537.0465	0.9773
hutang	537.1136	1.0000
jelas	537.1190	0.9545
senyap	537.1591	1.0000
timbul	537.9070	0.9773
bunyi	538.0698	0.9773
luas	538.1395	0.9773
tuduh	538.1667	0.9545
gambar	538.4884	0.9773
botak	538.5476	0.9545
kumpul	538.6512	0.9773
gugur	538.8372	0.9773
kurang	538.8372	0.9773
untung	539.0465	0.9773
duri	539.2500	0.9091
buta	539.4884	0.9773
bicara	539.6364	1.0000
tanah	539.7955	1.0000
tikus	539.8605	0.9773
kepala	539.9091	1.0000
terang	540.1163	0.9773
mulia	540.1190	0.9545
syarikat	540.2045	1.0000
wujud	540.6047	0.9773
kongsi	541.0000	0.9318
henti	541.0976	0.9318
tugas	541.8810	0.9545
turun	541.9524	0.9545
benda	541.9773	1.0000
teruk	542.5366	0.9318
syurga	542.5455	1.0000
pindah	542.6512	0.9773
guna	542.6977	0.9773
sambal	542.9070	0.9773
tambah	543.1707	0.9318
limau	543.4419	0.9773
lanjut	543.7045	1.0000
murah	543.8140	0.9773
isi	544.2045	1.0000
senang	544.3023	0.9773
bekal	544.4773	1.0000
cerita	544.7143	0.9545
awak	545.0233	0.9773
bawa	545.1395	0.9773
harus	545.3182	1.0000
mimpi	545.4091	1.0000
mabuk	546.1136	1.0000
sempurna	546.3023	0.9773
gula	546.4884	0.9773
hadiah	546.9545	1.0000
tinggal	546.9773	1.0000
cemburu	547.6591	1.0000
sama	547.6591	1.0000
ramai	547.8605	0.9773
usaha	548.2045	1.0000
ganti	548.3182	1.0000
mohon	548.4091	1.0000
sopan	548.4286	0.9545
sungguh	548.5610	0.9318
goreng	549.0488	0.9318
sesuai	549.1905	0.9545
darat	549.3500	0.9091
wayang	549.9091	1.0000
jimat	549.9545	1.0000
cantik	550.1136	1.0000
subur	550.2143	0.9545
main	550.3023	0.9773
khidmat	550.3256	0.9773
rimas	550.3415	0.9318
paksa	550.6136	1.0000
elok	550.7857	0.9545
iklan	550.8140	0.9773
kain	551.1951	0.9318
acara	551.3256	0.9773
zakat	551.7045	1.0000
layar	551.7619	0.9545
hampir	551.8837	0.9773
marah	552.1591	1.0000
cedera	552.1818	1.0000
beza	552.2500	1.0000
sewa	552.3182	1.0000
laksana	552.6512	0.9773
terus	552.6905	0.9545
bina	552.7209	0.9773
minyak	553.1818	1.0000
minta	553.1860	0.9773
baju	553.3488	0.9773
kena	553.7857	0.9545
hasil	554.0000	0.9773
tetap	554.1591	1.0000
sejuk	554.4651	0.9773
sukar	554.6667	0.9545
guru	555.2791	0.9773
hasrat	555.3810	0.9545
silat	555.4419	0.9773
luar	555.4545	1.0000
segera	556.3953	0.9773
pihak	556.4048	0.9545
rupa	556.4651	0.9773
rojak	556.7727	1.0000
bual	556.7907	0.9773
jaga	556.8372	0.9773
senarai	557.0488	0.9318
lancar	557.2273	1.0000
nyata	557.2683	0.9318
tembak	557.3095	0.9545
urus	557.4524	0.9545
tunjuk	557.5581	0.9773
wira	558.9545	1.0000
tiup	559.0238	0.9545
canggih	559.0465	0.9773
diri	559.0909	1.0000
tewas	559.2619	0.9545
batal	559.9524	0.9545
kecuali	560.3636	1.0000
peluh	560.4651	0.9773
kenal	560.5000	0.9091
layak	560.6429	0.9545
ibu	560.8810	0.9545
pokok	560.9318	1.0000
maklumat	561.3571	0.9545
jadual	561.5238	0.9545
selesai	561.7857	0.9545
ikat	561.8409	1.0000
gantung	562.0233	0.9773
tubuh	562.5682	1.0000
gerak	562.6190	0.9545
juta	562.7500	0.9091
bunuh	562.7727	1.0000
jenazah	562.8095	0.9545
kulit	562.9545	1.0000
janda	563.0233	0.9773
tuan	563.5814	0.9773
calon	563.6364	1.0000
melihatkan	563.6977	0.9773
laku	563.8182	1.0000
otot	564.0714	0.9545
cerdik	564.2143	0.9545
tekan	564.3171	0.9318
erti	564.3333	0.9545
gagah	564.5814	0.9773
harum	564.7143	0.9545
ketat	564.9070	0.9773
musnah	564.9524	0.9545
langkah	564.9762	0.9545
kelakar	564.9767	0.9773
semut	565.1463	0.9318
pusing	565.4091	1.0000
ilmu	565.4186	0.9773
baris	565.6818	1.0000
dalam	565.8864	1.0000
rujuk	566.0000	0.9545
arah	566.1136	1.0000
jejak	566.5349	0.9773
tawar	566.5682	1.0000
ombak	566.8409	1.0000
tukar	566.9535	0.9773
dada	567.0500	0.9091
hajat	567.4651	0.9773
puncak	567.5000	0.9545
ajak	567.5581	0.9773
langit	567.5581	0.9773
berani	567.8409	1.0000
kasar	568.0930	0.9773
silap	568.7209	0.9773
daftar	568.8837	0.9773
melupakan	568.9048	0.9545
lincah	568.9762	0.9545
wakil	569.1364	1.0000
pesan	569.2955	1.0000
kuda	569.4091	1.0000
kubur	569.7727	1.0000
persoalan	570.1136	1.0000
lima	570.5610	0.9318
amanah	570.5909	1.0000
sembahyang	570.7907	0.9773
licin	570.8636	1.0000
buka	571.3333	0.9545
budaya	571.5581	0.9773
gali	571.5581	0.9773
rasmi	571.7209	0.9773
simpan	571.9318	1.0000
batu	572.0930	0.9773
palsu	572.2195	0.9318
pedih	572.2857	0.9545
gigit	572.6047	0.9773
takbir	572.8810	0.9545
jaring	573.1190	0.9545
bangkit	573.1951	0.9318
aneh	573.2927	0.9318
joget	573.3409	1.0000
jantan	573.6512	0.9773
buku	573.8837	0.9773
pohon	574.0698	0.9773
salam	574.5349	0.9773
janji	574.5909	1.0000
rela	574.7907	0.9773
tingkat	575.2500	1.0000
lemak	575.3864	1.0000
aksi	575.5366	0.9318
saudara	575.7674	0.9773
bahas	576.0952	0.9545
tidak	576.3636	1.0000
iman	576.4286	0.9545
pentas	576.6905	0.9545
lauk	577.3256	0.9773
amar	577.4286	0.1591
cemar	577.4651	0.9773
pusat	577.5366	0.9318
jual	577.6047	0.9773
membersihkan	577.8409	1.0000
menjelaskan	578.6512	0.9773
kental	578.7442	0.9773
sajak	578.8837	0.9773
hidayat	578.9000	0.9091
bebas	578.9318	1.0000
persahabatan	579.0000	1.0000
pintar	579.0000	1.0000
terbang	579.1136	1.0000
merdeka	579.5000	0.9545
mengucapkan	580.0238	0.9545
kilang	580.1860	0.9773
perjanjian	580.3409	1.0000
lemas	580.3902	0.9318
bazir	580.4878	0.9318
anggap	580.8864	1.0000
putera	580.9250	0.9091
nanti	581.0227	1.0000
kuning	581.0714	0.9545
hadir	581.3636	1.0000
peti	581.5714	0.9545
merupakan	581.7209	0.9773
titik	581.9070	0.9773
kenduri	582.3864	1.0000
nafi	582.4091	1.0000
tempat	582.7727	1.0000
banjir	582.9512	0.9318
wajar	583.0682	1.0000
garam	583.4318	1.0000
ribu	583.6000	0.9091
ribut	583.6190	0.9545
simpang	583.7381	0.9545
konon	583.8372	0.9773
pulau	584.0000	0.9773
penulisan	584.3182	1.0000
perak	584.4146	0.9318
sah	584.7143	0.9545
rebut	585.4048	0.9545
pembelian	585.8864	1.0000
sastera	585.9286	0.9545
hubung	585.9524	0.9545
batin	585.9750	0.9091
dia	586.0465	0.9773
maksiat	586.4419	0.9773
iblis	586.7619	0.9545
kejar	586.7674	0.9773
leceh	586.8205	0.8864
umum	586.8636	1.0000
sambung	587.0000	0.9773
rencana	587.0455	1.0000
asas	587.1163	0.9773
pagar	587.4186	0.9773
percaya	587.5000	0.9545
topeng	587.5000	0.9091
pulih	587.6512	0.9773
melepaskan	587.9318	1.0000
pikul	588.1220	0.9318
mengizinkan	588.2045	1.0000
anugerah	588.7209	0.9773
memainkan	588.7209	0.9773
buru	588.9250	0.9091
mangga	588.9286	0.9545
menyiapkan	589.0238	0.9545
aduh	589.0833	0.8182
sari	589.5610	0.9318
permata	590.1163	0.9773
amal	590.5814	0.9773
payah	590.9070	0.9773
senja	590.9302	0.9773
temu	591.2045	1.0000
meriah	591.2381	0.9545
rakan	591.6905	0.9545
pecah	591.6977	0.9773
memerlukan	591.7273	1.0000
perintah	592.1364	1.0000
liar	592.2619	0.9545
laksa	592.8140	0.9773
barat	592.8837	0.9773
tamak	593.1628	0.9773
pucuk	593.5500	0.9091
jemaah	593.8140	0.9773
pekerjaan	593.9048	0.9545
dedah	593.9512	0.9318
tonton	594.0682	1.0000
mutu	594.7619	0.9545
makmur	594.9318	1.0000
basah	595.1364	1.0000
belakang	595.5227	1.0000
sentuh	595.6279	0.9773
perbuatan	595.6429	0.9545
lunas	595.6579	0.8636
pekak	595.6977	0.9773
cipta	596.2273	1.0000
ungkap	596.7179	0.8864
membiarkan	597.0714	0.9545
maki	597.2619	0.9545
culik	597.6053	0.8636
kukuh	597.7955	1.0000
dasar	597.8864	1.0000
menciptakan	598.8049	0.9318
mencetuskan	598.9024	0.9318
menyebabkan	599.0476	0.9545
jarak	599.0976	0.9318
mencerminkan	599.4186	0.9773
menaikkan	599.7442	0.9773
pisah	599.7442	0.9773
panjat	599.8605	0.9773
lupus	599.8889	0.6136
permohonan	599.9535	0.9773
mendiamkan	600.0952	0.9545
memuaskan	600.2093	0.9773
malaikat	600.4884	0.9773
menceritakan	600.5116	0.9773
negeri	600.8250	0.9091
kacang	600.8718	0.8864
keliru	601.4318	1.0000
pertandingan	601.5227	1.0000
dusta	601.5349	0.9773
unggul	601.7674	0.9773
angkut	601.8500	0.9091
sengaja	601.9024	0.9318
andai	602.6410	0.8864
gabung	602.6410	0.8864
menyediakan	602.7209	0.9773
basi	602.8810	0.9545
perkahwinan	602.9070	0.9773
jelak	603.0000	0.8636
ladang	604.0698	0.9773
muslihat	604.5250	0.9091
himpun	604.7674	0.9773
serang	604.8250	0.9091
syahdu	604.9535	0.9773
khianat	605.0698	0.9773
mendapatkan	605.0909	1.0000
menafikan	605.3571	0.9545
meneruskan	605.3953	0.9773
lintas	606.0976	0.9318
bakti	606.3415	0.9318
susuk	606.7955	1.0000
melancarkan	607.0455	1.0000
ponteng	607.0488	0.9318
uzur	607.0952	0.9545
perhiasan	607.1136	1.0000
khasiat	607.2857	0.9545
hirau	607.3415	0.9318
bini	607.4444	0.8182
alih	607.4762	0.9545
lafaz	607.5854	0.9318
pandang	607.6977	0.9773
meluaskan	607.7045	1.0000
tanggung	608.0465	0.9773
tayang	608.1707	0.9318
tenteram	608.3256	0.9773
kekal	608.3488	0.9773
serah	608.4286	0.9545
tonjol	608.5814	0.9773
persatuan	609.0238	0.9545
telan	609.2051	0.8864
perubatan	609.3415	0.9318
undur	609.4390	0.9318
santai	609.8250	0.9091
bau	609.9535	0.9773
penjelasan	610.2857	0.9545
melarikan	611.2727	1.0000
tangguh	611.4359	0.8864
riwayat	612.0256	0.8864
judul	612.1667	0.8182
pemeriksaan	612.2093	0.9773
riuh	612.4359	0.8864
desa	612.4524	0.9545
memutuskan	612.5116	0.9773
haluan	612.8140	0.9773
pemikiran	613.0465	0.9773
kejam	613.1250	0.9091
kiblat	613.3256	0.9773
ulam	613.7429	0.7955
curiga	613.8095	0.9545
hangus	613.8409	1.0000
semarak	613.9070	0.9773
menghabiskan	613.9302	0.9773
memikirkan	613.9767	0.9773
tampil	614.0930	0.9773
darjat	614.1905	0.9545
petang	614.4634	0.9318
perkataan	614.5952	0.9545
permainan	614.6190	0.9545
masam	614.8372	0.9773
dongeng	614.8571	0.9545
singkir	615.0488	0.9318
restu	615.0732	0.9318
perjuangan	615.3095	0.9545
esa	615.7368	0.8636
memuatkan	616.0000	0.9545
sorok	616.2093	0.9773
arus	616.3571	0.9545
pertubuhan	616.5116	0.9773
membariskan	616.5814	0.9773
bumbung	616.7727	1.0000
hidang	616.9070	0.9773
pembayaran	617.0238	0.9545
memulihkan	617.1500	0.9091
persiapan	617.2558	0.9773
pertanyaan	617.2619	0.9545
lisan	617.7805	0.9318
peraturan	617.9524	0.9545
memaafkan	618.0233	0.9773
murni	618.4762	0.9545
pemberian	618.9318	1.0000
memulakan	619.4091	1.0000
pernikahan	619.6136	1.0000
belas	619.6429	0.9545
percintaan	619.8333	0.9545
ghairah	620.0000	0.9773
jijik	620.0465	0.9773
sayap	620.0952	0.9545
menghidupkan	620.5952	0.9545
umpama	620.6429	0.9545
perbualan	621.0000	1.0000
pembalasan	621.0698	0.9773
membelikan	621.1818	1.0000
peringatan	621.3864	1.0000
pemilihan	621.9286	0.9545
melanjutkan	622.0465	0.9773
memberikan	622.7619	0.9545
lakar	623.0270	0.8409
membatalkan	623.0698	0.9773
menghapuskan	623.1395	0.9773
suku	623.1750	0.9091
menghasilkan	623.5116	0.9773
merugikan	623.6364	1.0000
lampau	623.6829	0.9318
menjatuhkan	623.7209	0.9773
resah	624.1282	0.8864
sakti	624.3947	0.8636
perjumpaan	624.4318	1.0000
menjimatkan	625.1591	1.0000
sampul	625.2619	0.9545
karib	625.3023	0.9773
kian	625.3488	0.9773
perhubungan	625.3636	1.0000
sumber	625.4146	0.9318
gerhana	625.8049	0.9318
benang	626.0244	0.9318
pembacaan	626.5714	0.9545
menyedihkan	626.8372	0.9773
penerbitan	627.2093	0.9773
menyelesaikan	627.2558	0.9773
sisih	627.3548	0.7045
percutian	627.5116	0.9773
menyesuaikan	628.1429	0.9545
swasta	628.2143	0.9545
pembunuhan	628.3256	0.9773
menghilangkan	628.4091	1.0000
edar	628.5161	0.7045
serik	629.0227	1.0000
menjauhkan	629.3171	0.9318
menghentikan	629.4762	0.9545
berkat	629.7674	0.9773
dulang	629.8205	0.8864
salur	629.9512	0.9318
membacakan	630.2000	0.9091
cegah	630.2381	0.9545
menetapkan	630.3810	0.9545
jati	630.3902	0.9318
tenggelam	630.4773	1.0000
tendang	630.6500	0.9091
memisahkan	630.7209	0.9773
hambar	630.8077	0.5909
perkhidmatan	630.8372	0.9773
menjualkan	630.9024	0.9318
helah	631.3750	0.9091
membesarkan	631.4091	1.0000
melontarkan	631.5909	1.0000
memecahkan	631.9524	0.9545
songket	632.5238	0.9545
membosankan	632.8095	0.9545
menyedarkan	633.1395	0.9773
percubaan	633.2927	0.9318
menjejaskan	633.9024	0.9318
gerai	634.0465	0.9773
siput	634.1026	0.8864
duka	634.3421	0.8636
perubahan	634.4884	0.9773
lantai	634.5000	1.0000
banding	634.8293	0.9318
membezakan	635.1163	0.9773
mencemarkan	635.2326	0.9773
naluri	635.2927	0.9318
perkumpulan	635.3636	1.0000
pembersihan	635.6829	0.9318
gelombang	635.7500	1.0000
sahut	635.9250	0.9091
melariskan	636.0465	0.9773
celah	636.1000	0.9091
sementara	636.2791	0.9773
menyiarkan	636.3256	0.9773
perumahan	636.3333	0.9545
belah	636.4250	0.9091
benih	636.5128	0.8864
penyelesaian	637.4286	0.9545
merasakan	637.4390	0.9318
renung	637.5641	0.8864
mencalonkan	637.6905	0.9545
terap	637.8780	0.9318
perpisahan	637.9318	1.0000
mendaftarkan	638.0714	0.9545
ucap	638.1463	0.9318
pelayaran	638.2821	0.8864
siar	638.4146	0.9318
pementasan	638.4524	0.9545
penyesuaian	638.5476	0.9545
perlindungan	638.5952	0.9545
lutut	638.8947	0.8636
peperiksaan	639.0000	0.9318
meninggalkan	639.0465	0.9773
membuatkan	639.1750	0.9091
labuh	639.1951	0.9318
mendatangkan	639.2727	1.0000
seloroh	639.3333	0.6818
membebaskan	639.7317	0.9318
jarum	639.7907	0.9773
cetus	639.8333	0.9545
merdu	639.8974	0.8864
tunda	639.9750	0.9091
angka	640.0000	0.9773
menguruskan	640.1190	0.9545
paras	640.2439	0.9318
penghormatan	640.4091	1.0000
bijaksana	640.5349	0.9773
pecut	641.1250	0.9091
perabot	641.2683	0.9318
menurunkan	641.3488	0.9773
lucah	641.9091	1.0000
ipar	642.0930	0.9773
pertunjukan	642.1000	0.9091
sarang	642.1463	0.9318
runcit	642.1750	0.9091
mengamalkan	642.3095	0.9545
hendak	642.9545	1.0000
menakutkan	643.2619	0.9545
pemindahan	643.2750	0.9091
tunggul	643.4324	0.8409
menerangkan	643.6744	0.9773
pengertian	643.8837	0.9773
kandung	643.9000	0.9091
hijrah	643.9302	0.9773
petik	644.0256	0.8864
perdamaian	644.1220	0.9318
selidik	644.2857	0.9545
tekak	644.3000	0.9091
ampuh	644.4375	0.7273
tebus	644.4419	0.9773
melembutkan	644.7045	1.0000
segi	644.7381	0.9545
menjalankan	644.9070	0.9773
desak	645.0488	0.9318
penantian	645.0976	0.9318
pendirian	645.1429	0.7955
membetulkan	645.1591	1.0000
perlumbaan	645.2045	1.0000
pengesahan	645.3077	0.8864
membazirkan	645.5238	0.9545
mengejutkan	645.8140	0.9773
permulaan	645.8864	1.0000
penghinaan	645.9070	0.9773
persediaan	646.6500	0.9091
menghancurkan	646.6977	0.9773
perbezaan	647.0000	0.9318
jolok	647.0976	0.9318
tunggal	647.5366	0.9318
kembang	647.7209	0.9773
menonjolkan	647.8049	0.9318
liat	647.8293	0.9318
memajukan	648.2683	0.9318
percakapan	648.6279	0.9773
pendapatan	649.4762	0.9545
arang	649.7805	0.9318
pendahuluan	650.2093	0.9773
penipuan	650.2093	0.9773
selendang	650.4048	0.9545
pembetulan	650.4762	0.9545
khemah	650.7619	0.9545
mekar	650.7632	0.8636
pelarian	651.2093	0.9773
memudahkan	651.2143	0.9545
membincangkan	651.4884	0.9773
pernafasan	651.6364	1.0000
menyepikan	652.1000	0.9091
penjualan	652.3095	0.9545
pendaftaran	652.3256	0.9773
cetek	652.3846	0.8864
pertemuan	652.4390	0.9318
terjemah	653.2093	0.9773
memasangkan	653.2143	0.9545
pinta	653.2500	0.9091
kuah	653.2564	0.8864
pengetahuan	653.2857	0.9545
pencarian	653.5500	0.9091
penampilan	653.5854	0.9318
lekat	653.7619	0.9545
persaingan	654.0256	0.8864
asuh	654.0476	0.9545
timbang	654.1667	0.9545
perusahaan	654.6250	0.9091
membandingkan	654.6977	0.9773
mewujudkan	654.9767	0.9773
menganjurkan	655.2381	0.9545
kupas	655.3953	0.9773
keluh	655.4750	0.9091
meletakkan	655.6364	1.0000
menimbulkan	656.4390	0.9318
tumpu	656.6944	0.8182
menggantikan	656.7381	0.9545
penghidupan	656.7750	0.9091
penghargaan	656.9302	0.9773
mengharumkan	657.0238	0.9545
membabitkan	657.2250	0.9091
nahas	657.2821	0.8864
pembinaan	657.5227	1.0000
membuktikan	657.5909	1.0000
menyelamatkan	657.6905	0.9545
serap	657.8158	0.8636
menyatukan	657.8636	1.0000
persamaan	658.1190	0.9545
pinggang	658.2326	0.9773
bangkai	658.2683	0.9318
penderitaan	658.6585	0.9318
pemisahan	658.7692	0.8864
gelak	659.1053	0.8636
membangunkan	659.1250	0.9091
terik	659.2564	0.8864
menguatkan	659.4186	0.9773
tegang	659.6279	0.9773
pencalonan	659.7143	0.9545
suntik	659.9070	0.9773
mengertikan	660.4359	0.8864
penyampaian	660.8409	1.0000
gempa	660.9231	0.8864
lalang	661.4000	0.9091
perantis	661.4000	0.1136
menamatkan	661.5000	0.9545
kudis	661.6364	0.7500
melunaskan	661.8537	0.9318
pemulihan	661.9318	1.0000
sasar	661.9474	0.8636
lambang	662.3182	1.0000
kuliah	662.8293	0.9318
penilaian	662.8462	0.8864
bongkak	662.9231	0.8864
perjalanan	663.5455	1.0000
pengeluaran	663.5714	0.9545
taja	663.7714	0.7955
penghasilan	663.8372	0.9773
perkosa	664.0488	0.9318
persidangan	664.1500	0.9091
perayaan	664.2381	0.9545
heboh	664.6585	0.9318
mengecewakan	664.7209	0.9773
babit	664.8108	0.8409
latar	664.9459	0.8409
menyenangkan	665.3500	0.9091
melakukan	665.4390	0.9318
memasukkan	665.5238	0.9545
mengurangkan	665.5897	0.8864
pertalian	665.7317	0.9318
penyertaan	665.7907	0.9773
pengorbanan	665.8780	0.9318
perkuburan	665.9286	0.9545
pemasaran	665.9762	0.9545
kebal	666.3750	0.9091
selam	666.8049	0.9318
mementingkan	667.0000	0.9773
memerhatikan	667.1000	0.9091
empuk	667.1190	0.9545
lebur	667.2051	0.8864
menyampaikan	667.3864	1.0000
mematikan	667.4186	0.9773
mendirikan	667.5455	1.0000
kayuh	667.7907	0.9773
pencemaran	668.0233	0.9773
runding	668.1000	0.9091
menyalurkan	668.1860	0.9773
merayakan	668.2093	0.9773
merisaukan	668.4103	0.8864
memaparkan	668.5000	0.9091
mengesahkan	668.7209	0.9773
penalaan	669.0000	0.0227
perhitungan	669.2439	0.9318
mengecilkan	669.2750	0.9091
lumut	669.4211	0.8636
tangkis	669.4872	0.8864
membahayakan	669.7805	0.9318
susur	670.3077	0.8864
menawarkan	670.6047	0.9773
pembicaraan	670.6410	0.8864
menukarkan	670.6977	0.9773
raga	670.8250	0.9091
biawak	670.8372	0.9773
peperangan	671.3514	0.8409
peningkatan	671.3953	0.9773
merasmikan	671.9767	0.9773
penyaluran	672.0976	0.9318
persekolahan	672.3171	0.9318
persiaran	672.4773	1.0000
menjanjikan	673.5000	0.9545
menyatakan	673.8095	0.9545
menyifatkan	673.9474	0.8636
singkap	674.4054	0.8409
pentadbiran	674.7561	0.9318
merimaskan	674.8250	0.9091
papar	675.2683	0.9318
menyulitkan	675.3333	0.8864
ugut	676.1395	0.9773
memindahkan	676.1628	0.9773
penerusan	676.1951	0.9318
menyesatkan	676.2683	0.9318
danau	676.4000	0.6818
penyiaran	676.4211	0.8636
bidan	676.5000	0.9091
menghantarkan	676.8250	0.9091
mengalahkan	677.1707	0.9318
permintaan	677.3488	0.9773
anggar	677.3846	0.8864
persembahan	677.6098	0.9318
mendedahkan	678.2093	0.9773
peninggalan	678.2632	0.8636
saran	678.3250	0.9091
pemergian	679.5610	0.9318
bahagi	679.7895	0.8636
yahudi	679.9231	0.8864
menutupkan	680.1250	0.9091
citra	680.2941	0.7727
gerbang	680.3421	0.8636
perli	680.3429	0.7955
membingungkan	680.3846	0.8864
labur	680.9394	0.7500
menggambarkan	681.2895	0.8636
pelancaran	681.4146	0.9318
mengekalkan	681.5238	0.9545
pengenalan	682.0465	0.9773
mengunjurkan	682.3182	0.5000
mendermakan	682.5122	0.9318
menggunakan	682.6410	0.8864
menjaringkan	682.7805	0.9318
menceriakan	682.9250	0.9091
benderang	683.0000	0.3864
pertumbuhan	683.3333	0.9545
pembuatan	683.6341	0.9318
penerbangan	683.6667	0.9545
penyelidikan	683.7143	0.9545
membicarakan	683.7955	1.0000
pertukaran	684.0000	0.9318
tagih	684.0909	0.5000
perkenalan	684.2558	0.9773
luntur	684.4054	0.8409
mengatakan	684.7317	0.9318
sengit	684.8250	0.9091
pergaulan	684.9524	0.9545
melabuhkan	685.0244	0.9318
membawakan	685.0244	0.9318
pengurusan	685.1250	0.9091
memadamkan	685.3171	0.9318
perpecahan	685.3250	0.9091
muara	685.4074	0.6136
menyewakan	685.5000	0.9545
mengemaskan	685.5238	0.9545
melaburkan	685.7027	0.8409
agih	686.5294	0.7727
melukakan	687.7000	0.9091
lebam	687.7105	0.8636
menyempitkan	688.0000	0.9545
lintang	688.4103	0.8864
endah	688.7879	0.7500
anjur	688.9302	0.9773
penemuan	689.1351	0.8409
mencorakkan	689.2273	1.0000
pemotongan	689.2927	0.9318
punggung	689.6585	0.9318
juang	689.7667	0.6818
menemukan	689.8537	0.9318
mengorbankan	689.9000	0.9091
menyakitkan	689.9048	0.9545
merumuskan	690.5946	0.8409
menyambungkan	691.1860	0.9773
permusuhan	691.2195	0.9318
lara	691.2727	0.7500
penyewaan	691.6818	1.0000
takluk	691.8095	0.9545
memanaskan	691.9024	0.9318
istilah	691.9512	0.9318
menjernihkan	692.2564	0.8864
suram	692.2703	0.8409
mansuh	692.6667	0.6136
mengagumkan	692.7714	0.7955
lempar	693.0256	0.8864
perkampungan	693.2727	1.0000
bahang	693.4211	0.8636
memasarkan	693.7179	0.8864
fakir	693.7368	0.8636
abai	693.9024	0.9318
pengedaran	694.0238	0.9545
semboyan	694.1176	0.7727
menyerapkan	694.1765	0.7727
penyatuan	694.3810	0.9545
mengeluarkan	694.5227	1.0000
penyudahan	694.5385	0.8864
penciptaan	694.8780	0.9318
peralatan	694.9302	0.9773
melucutkan	695.1750	0.9091
komplot	695.1892	0.8409
rangkap	695.2647	0.7727
pengucapan	695.2821	0.8864
mengarahkan	695.3721	0.9773
pembangunan	695.5000	0.9545
melayarkan	695.5500	0.9091
menghadirkan	695.7250	0.9091
pemasangan	695.7442	0.9773
mendahulukan	695.7857	0.9545
penjimatan	695.8205	0.8864
menakjubkan	695.9762	0.9545
mengumpulkan	696.0227	1.0000
patuk	696.0968	0.7045
merendahkan	696.4211	0.8636
pertimbangan	696.4773	1.0000
pemandangan	696.5122	0.9318
gelar	696.7419	0.7045
pelaburan	696.9250	0.9091
bernas	697.2222	0.8182
memulangkan	697.3810	0.9545
penghapusan	697.4750	0.9091
ingkar	697.8421	0.8636
perselisihan	697.8684	0.8636
mencurahkan	698.0682	1.0000
perasaan	698.2703	0.8409
merundingkan	698.2857	0.9545
perluasan	698.3571	0.9545
merebutkan	698.3659	0.9318
pembaziran	698.3810	0.9545
tabal	698.4091	0.5000
menubuhkan	698.4250	0.9091
perjudian	698.5385	0.8864
pembatalan	698.7179	0.8864
mujarab	698.7750	0.9091
aju	699.0313	0.7273
tembakau	699.3415	0.9318
perpindahan	699.4474	0.8636
menyarankan	699.5122	0.9318
perlawanan	699.6500	0.9091
menyertakan	699.7179	0.8864
perasmian	699.8333	0.9545
pertempuran	699.8500	0.9091
menyebarkan	699.8837	0.9773
pengadilan	699.9500	0.9091
menyemarakkan	700.2093	0.9773
pembesaran	700.2439	0.9318
penggambaran	700.3415	0.9318
isytihar	700.3846	0.8864
limpah	700.4474	0.8636
penapisan	700.4474	0.8636
memusingkan	700.8372	0.9773
menentukan	701.0714	0.9545
perbarisan	701.0714	0.9545
menegaskan	701.1026	0.8864
meniupkan	701.2250	0.9091
pembiayaan	701.2381	0.9545
kendur	701.2414	0.6591
menyerahkan	701.8250	0.9091
penentuan	702.0000	0.9545
membogelkan	702.1000	0.9091
pembakaran	702.2105	0.8636
pengebumian	702.2439	0.9318
penggunaan	702.7568	0.8409
penyiasatan	703.2564	0.8864
mempedulikan	703.5128	0.8864
pengecualian	703.7297	0.8409
mengingatkan	703.7857	0.9545
penetapan	704.0000	0.8182
perpaduan	704.1364	1.0000
menantikan	704.7436	0.8864
pemberitaan	704.8919	0.8409
kelu	704.9000	0.6818
perlepasan	705.0526	0.8636
perlakuan	705.1220	0.9318
tempa	705.2222	0.2045
perlaksanaan	706.2308	0.8864
penafian	706.2564	0.8864
pelabuhan	706.3250	0.9091
membekalkan	706.5610	0.9318
penghayatan	706.6429	0.9545
ruas	706.7000	0.4545
perkongsian	706.9677	0.7045
mencarikan	707.0909	1.0000
kendali	707.3125	0.7273
sagu	707.4231	0.5909
perkembangan	707.5581	0.9773
menghadiahkan	707.5909	1.0000
angan	707.7931	0.6591
mencantikkan	708.1667	0.9545
asa	708.1739	0.5227
pertahanan	709.1220	0.9318
kelana	709.2121	0.7500
melayangkan	709.3810	0.9545
kesat	709.6429	0.9545
melupuskan	709.7778	0.8182
melebarkan	710.0476	0.9545
pengawalan	710.2927	0.9318
duniawi	710.3571	0.9545
memulaukan	710.5789	0.8636
berahi	710.7667	0.6818
olak	710.8000	0.2273
penglihatan	711.3095	0.9545
persendirian	711.3500	0.9091
gurindam	711.5854	0.9318
canang	711.5862	0.6591
mengebumikan	711.6364	1.0000
pendudukan	711.7436	0.8864
menyanyikan	712.0000	1.0000
hambat	712.5676	0.8409
menunjukkan	712.5814	0.9773
rencah	712.7407	0.6136
kelibat	712.7931	0.6591
mencadangkan	712.9091	1.0000
pemakaian	713.0250	0.9091
menampilkan	713.4390	0.9318
pengabaian	713.5405	0.8409
telapak	713.5556	0.8182
pujangga	714.2632	0.8636
penghantaran	715.1163	0.9773
menyuburkan	715.7500	0.9091
perbicaraan	715.8462	0.8864
menimbangkan	716.2791	0.9773
menyumbatkan	716.6047	0.9773
menceburkan	716.7949	0.8864
bolos	717.0500	0.4545
penajaan	717.4146	0.9318
dandan	718.0833	0.8182
menggerakkan	718.3000	0.9091
mewarnakan	718.4048	0.9545
rimbun	718.4231	0.5909
melaksanakan	718.6047	0.9773
membulatkan	718.6667	0.8864
penyingkiran	718.8788	0.7500
mendalamkan	719.0244	0.9318
perundingan	719.4634	0.9318
meningkatkan	719.6053	0.8636
bantut	720.0588	0.7727
menyejukkan	720.2821	0.8864
meraikan	720.4872	0.8864
perhimpunan	720.9286	0.9545
pendedahan	721.1667	0.9545
penjajahan	721.4146	0.9318
pengumuman	721.7073	0.9318
melimpahkan	721.8095	0.9545
pengajaran	721.9024	0.9318
peluasan	721.9500	0.9091
pertanian	722.0789	0.8636
pelaksanaan	722.5405	0.8409
damar	722.5714	0.1591
perolehan	722.5897	0.8864
mengedarkan	722.8049	0.9318
menyegarkan	722.9545	1.0000
penutupan	723.0000	0.8864
perkasa	723.0714	0.9545
mengaibkan	723.1500	0.9091
salak	723.6316	0.4318
pengunduran	723.6500	0.9091
melemparkan	723.9500	0.9091
memancarkan	724.4762	0.9545
pembahasan	724.5000	0.9091
menguntungkan	724.5641	0.8864
mengecualikan	724.9024	0.9318
penukaran	724.9286	0.9545
pembuangan	725.2619	0.9545
meringankan	726.4048	0.9545
perancangan	726.9500	0.9091
garap	727.1250	0.1818
lombong	727.2286	0.7955
melecehkan	727.3590	0.8864
merelakan	727.4762	0.9545
penyamaan	727.5250	0.9091
pemberitahuan	727.5526	0.8636
mengabaikan	727.6098	0.9318
menyingkirkan	728.2821	0.8864
menjadualkan	728.4419	0.9773
pembebasan	728.5750	0.9091
jana	728.9643	0.6364
genit	729.1667	0.2727
juru	729.4667	0.6818
membelanjakan	729.5000	0.9091
melayakkan	729.5750	0.9091
penyerahan	729.7073	0.9318
banteras	730.0000	0.7045
prasangka	730.1622	0.8409
menyuarakan	730.4211	0.8636
penceritaan	730.4722	0.8182
menggelapkan	730.7561	0.9318
pengiraan	730.8919	0.8409
pendengaran	730.9286	0.9545
sangkak	731.0000	0.2045
persaudaraan	731.1429	0.9545
ketar	731.3793	0.6591
dondang	731.6286	0.7955
pengendalian	731.6500	0.9091
menerapkan	731.8049	0.9318
melambangkan	731.8140	0.9773
mengerjakan	732.0541	0.8409
mengembalikan	732.3902	0.9318
sentap	732.5000	0.1818
perbandingan	733.1163	0.9773
mematahkan	733.1795	0.8864
pengalaman	733.3953	0.9773
pengajian	733.4146	0.9318
penculikan	733.4324	0.8409
membahagikan	733.4359	0.8864
pengisytiharan	733.6316	0.8636
sasa	733.6800	0.5682
perbelanjaan	734.0000	0.9545
penyebaran	734.2368	0.8636
penawaran	734.5250	0.9091
menyedapkan	735.0256	0.8864
penyambungan	735.1667	0.9545
penyuburan	735.2941	0.7727
himpit	735.3056	0.8182
pengundian	735.3158	0.8636
menikahkan	735.4615	0.8864
aci	736.2381	0.4773
membiasakan	736.3158	0.8636
tunjang	736.6667	0.4773
perlanjutan	737.0244	0.9318
boh	737.0588	0.3864
terjah	737.8750	0.3636
meramalkan	738.1842	0.8636
pertuturan	738.4634	0.9318
pengarahan	738.5000	0.9545
menumpaskan	738.7027	0.8409
mengeratkan	738.8182	1.0000
memandangkan	738.9767	0.9773
pergaduhan	739.0465	0.9773
perwatakan	739.0769	0.8864
penggalian	739.3947	0.8636
pertukangan	739.5122	0.9318
mempesonakan	739.9000	0.9091
perkilangan	740.3158	0.8636
permukaan	740.3684	0.8636
penyerlahan	740.4286	0.6364
perdagangan	740.7250	0.9091
membentangkan	741.2093	0.9773
mengundurkan	741.3902	0.9318
membudayakan	741.4545	1.0000
benteng	741.6667	0.8182
pembekalan	741.6977	0.9773
penggantian	741.7750	0.9091
pemecatan	742.1579	0.8636
mengendalikan	742.2558	0.9773
perwakilan	742.4048	0.9545
menyenaraikan	742.6905	0.9545
penerimaan	743.2683	0.9318
membangkitkan	743.4091	1.0000
membanggakan	743.5854	0.9318
rentang	743.6207	0.6591
membahaskan	743.6829	0.9318
mengasyikkan	743.7037	0.6136
menyudahkan	743.8718	0.8864
pernyataan	744.0588	0.7727
memburukkan	744.1818	1.0000
melakarkan	744.1905	0.9545
mengumumkan	744.5641	0.8864
mengenalkan	744.7250	0.9091
pemecahan	744.7500	0.9091
pengangkutan	745.0244	0.9318
melambatkan	745.0714	0.9545
gotong	745.7941	0.7727
kelambu	746.0000	0.7727
pendaratan	746.0000	0.8409
menambahkan	746.4211	0.8636
bentang	746.5263	0.8636
sugul	746.5652	0.5227
pelantikan	746.6897	0.6591
menyajikan	747.0571	0.7955
penubuhan	747.0769	0.8864
menjejakkan	747.4500	0.9091
persekutuan	747.6667	0.9545
menggugurkan	748.2683	0.9318
mengagihkan	748.8000	0.7955
perbahasan	749.0513	0.8864
badi	749.1667	0.6818
gendang	749.5789	0.8636
pengumpulan	749.6250	0.9091
pemanduan	750.2813	0.7273
mengenakan	750.3714	0.7955
pukau	750.6667	0.8864
umbang	751.1176	0.3864
menghimpunkan	751.9286	0.9545
memerintahkan	751.9524	0.9545
tikai	752.6000	0.6818
pembahagian	753.4524	0.9545
pengiklanan	753.9302	0.9773
pencegahan	754.9744	0.8864
mendaulatkan	755.1667	0.8182
menghubungkan	755.4286	0.9545
acap	755.9565	0.5227
pemerintahan	756.1429	0.9545
pembentukan	756.3333	0.6818
uban	756.7353	0.7727
kuak	756.7500	0.3636
pembudayaan	757.6486	0.8409
menempatkan	757.8537	0.9318
londeh	758.5000	0.6818
menghampakan	758.7500	0.9091
penagihan	759.2564	0.8864
perkiraan	759.6579	0.8636
mengisikan	760.1081	0.8409
meyakinkan	760.5000	0.7727
lereng	760.5200	0.5682
lampai	760.8000	0.5682
penerangan	761.1905	0.9545
mewakafkan	761.3939	0.7500
anjung	761.5758	0.7500
penyelenggaraan	761.6061	0.7500
mempamerkan	761.8421	0.8636
pengguguran	762.2571	0.7955
pedalaman	762.5714	0.7955
menyamakan	762.6923	0.8864
mencicirkan	762.9412	0.7727
meruntuhkan	763.2143	0.9545
perlambangan	763.9118	0.7727
penguasaan	764.3514	0.8409
mengindahkan	764.9143	0.7955
pembawaan	765.0541	0.8409
menekankan	765.3500	0.9091
peruntukan	765.4194	0.7045
desas	765.4667	0.6818
pengambilan	766.1538	0.8864
mengaitkan	766.1842	0.8636
menggantungkan	766.6842	0.8636
penyerapan	766.7297	0.8409
tanggang	766.7333	0.6818
mementaskan	767.6829	0.9318
pengamatan	767.8125	0.7273
percetakan	767.8250	0.9091
gempur	768.6071	0.6364
menyembuhkan	768.9474	0.8636
memantapkan	770.0714	0.9545
menyisihkan	770.2414	0.6591
menginsafkan	770.6829	0.9318
mengisytiharkan	771.1892	0.8409
pemanjangan	771.9412	0.7727
pengukuhan	772.0303	0.7500
pengisian	772.1176	0.7727
pergerakan	772.5000	0.9545
lentok	772.6207	0.6591
serlah	773.6563	0.7273
penamaan	773.8611	0.8182
membimbangkan	774.2683	0.9318
menebalkan	774.4872	0.8864
mengendurkan	774.5000	0.6364
perundangan	774.7632	0.8636
pertambahan	775.2895	0.8636
gamit	775.5556	0.2045
mengusahakan	776.3056	0.8182
mengakibatkan	776.3846	0.8864
pemahaman	776.8049	0.9318
menumpukan	777.0513	0.8864
pemburuan	777.3030	0.7500
rangkum	777.7857	0.6364
pertengahan	778.1316	0.8636
penempatan	778.4474	0.8636
pembaharuan	778.5714	0.7955
menyumbangkan	779.2821	0.8864
peletakan	779.2857	0.4773
menggagalkan	779.4000	0.7955
pertentangan	779.8333	0.8182
membekukan	780.5714	0.7955
sauh	780.6364	0.5000
penolakan	782.2069	0.6591
pertumpahan	782.4286	0.9545
pengekalan	782.4706	0.7727
melumpuhkan	782.5833	0.8182
meleburkan	783.1515	0.7500
ilmiah	783.5556	0.6136
menyerlahkan	783.6667	0.8864
pemakanan	784.2432	0.8409
pergantungan	785.5556	0.8182
perkhabaran	785.7500	0.8182
liwat	785.8065	0.7045
mengembangkan	785.9730	0.8409
memansuhkan	786.7059	0.7727
penggelapan	787.0857	0.7955
tabik	787.1515	0.7500
perkauman	787.1667	0.9545
memilukan	787.2500	0.9091
penumpuan	787.8125	0.7273
melintangkan	787.9444	0.8182
cambah	788.5000	0.2273
memakaikan	788.5152	0.7500
memusatkan	788.5455	0.7500
menghangatkan	788.6053	0.8636
menguburkan	788.7576	0.7500
palang	789.1304	0.5227
pengiktirafan	790.2619	0.9545
penyembuhan	790.2750	0.9091
pengurangan	790.4286	0.7955
perlanggaran	791.4103	0.8864
penonjolan	792.0000	0.7955
rawa	794.2222	0.2045
memanjangkan	794.3571	0.9545
membenamkan	795.2564	0.8864
penyenggaraan	795.4615	0.5909
perseteruan	795.7333	0.3409
penerapan	795.7805	0.9318
perisian	796.3125	0.7273
cerca	796.6000	0.5682
pendakian	797.1143	0.7955
menggelikan	797.2000	0.9091
pengembaraan	797.5143	0.7955
memeningkan	797.7561	0.9318
menyempurnakan	797.8500	0.9091
penataan	797.8667	0.3409
penganiayaan	797.8974	0.8864
serakah	797.9412	0.3864
memahirkan	798.5294	0.7727
pertikaian	798.7297	0.8409
pertabalan	798.7333	0.6818
penekanan	799.0263	0.8636
pembentangan	799.2778	0.8182
lekang	799.6923	0.2955
menggabungkan	800.9512	0.9318
pengangguran	801.6053	0.8636
meledakkan	801.8125	0.7273
pelepasan	801.9722	0.8182
alang	802.1143	0.7955
melonjakkan	802.2121	0.7500
tempang	802.6765	0.7727
memenatkan	804.3611	0.8182
menyelidiki	804.3750	0.9091
menamakan	804.8049	0.9318
pengampunan	804.8649	0.8409
madah	805.6333	0.6818
pengagihan	805.9737	0.8636
menayangkan	806.2258	0.7045
menerbangkan	806.3077	0.8864
perebutan	808.0000	0.8864
percaturan	808.1250	0.7273
penyebutan	808.2927	0.9318
congak	808.3529	0.3864
menghalakan	808.7742	0.7045
menggayakan	809.2143	0.6364
mengiklankan	810.3000	0.9091
pengindahan	811.1538	0.5909
pengembangan	811.7857	0.6364
mematangkan	811.9600	0.5682
mengukuhkan	812.3250	0.9091
membelakangkan	813.2683	0.9318
pemansuhan	813.4286	0.4773
engku	814.0000	0.4773
penarikan	817.8438	0.7273
menangguhkan	818.5556	0.8182
pembungkusan	818.7561	0.9318
pencukaian	819.0000	0.8409
bayan	819.6429	0.3182
jurai	820.0000	0.1591
penambahan	820.0811	0.8409
menterjemahkan	820.2778	0.8182
perumpamaan	821.5366	0.9318
pelarasan	821.9091	0.5000
menundakan	822.4375	0.7273
melembapkan	823.0303	0.7500
bijih	824.0000	0.1364
mengumpamakan	824.3462	0.5909
menyegerakan	824.3939	0.7500
telaah	824.7222	0.4091
menabalkan	824.8333	0.5455
pembabitan	825.0714	0.6364
menjanakan	825.5517	0.6591
mengajukan	826.7429	0.7955
kaut	827.5000	0.0909
perdebatan	827.5143	0.7955
penyejukan	829.6364	0.5000
menggandingkan	829.7222	0.8182
menyukarkan	830.7879	0.7500
rajang	831.7500	0.2727
melondehkan	831.9310	0.6591
ayun	832.1053	0.4318
mengutarakan	832.7667	0.6818
penggabungan	833.8438	0.7273
pemaparan	836.3548	0.7045
penswastaan	837.0667	0.3409
menyandarkan	837.0857	0.7955
memanjakan	838.7419	0.7045
penundaan	838.7857	0.6364
dakar	839.0000	0.1136
penangkapan	839.3000	0.9091
perisytiharan	840.0000	0.7955
pemupukan	840.5714	0.1591
perantaraan	840.8158	0.8636
penahanan	842.0000	0.6136
penyisihan	842.4074	0.6136
perlombongan	843.0968	0.7045
penangguhan	844.5000	0.8182
tala	844.6250	0.1818
penjadualan	844.7273	0.7500
penterjemahan	845.3500	0.9091
menganugerahkan	845.8378	0.8409
penyemarakan	846.8214	0.6364
perencanaan	847.6818	0.5000
memperlahankan	848.3871	0.7045
pemulauan	848.4138	0.6591
kerawang	849.5789	0.4318
penjanaan	850.1111	0.4091
perarakan	850.2273	0.5000
mengisahkan	850.3030	0.7500
melelongkan	852.1071	0.6364
membalikkan	854.7750	0.9091
mengadunkan	855.2000	0.3409
perangkaan	857.0606	0.7500
persengketaan	857.6563	0.7273
penamatan	858.5556	0.8182
penjaringan	860.3714	0.7955
landai	860.5000	0.0909
pembaikan	860.9167	0.5455
tuding	861.0000	0.3409
mencanangkan	861.2500	0.4545
mengesankan	861.8333	0.8182
perhutanan	862.0556	0.4091
perladangan	862.5405	0.8409
mengotakan	862.9583	0.5455
menyamankan	863.2857	0.6364
mengibarkan	863.7727	0.5000
pengakhiran	864.5357	0.6364
perakuan	867.1538	0.2955
pengecilan	869.1071	0.6364
penyempurnaan	870.2250	0.9091
percukaian	870.8649	0.8409
pengenduran	871.1579	0.4318
percambahan	874.6000	0.3409
pemenjaraan	874.8000	0.3409
penggantungan	875.0909	0.7500
mengandaikan	875.1304	0.5227
penyenaraian	876.4063	0.7273
mengimpikan	876.4286	0.6364
memanusiakan	876.7000	0.6818
memercikkan	876.7333	0.6818
sanak	881.2000	0.3409
penayangan	881.9375	0.7273
mencambahkan	882.0000	0.1136
persenjataan	883.6471	0.7727
penaklukan	884.0769	0.5909
merencanakan	884.2857	0.7955
memeritkan	887.0667	0.6818
memendekkan	896.2222	0.6136
penggubalan	898.7895	0.4318
kurik	899.4000	0.2273
pengkhususan	899.6538	0.5909
menggandakan	899.8750	0.5455
perbatuan	900.4167	0.2727
menggoyahkan	900.4286	0.4773
memijakkan	905.2813	0.7273
penganugerahan	908.5484	0.7045
melorongkan	911.3529	0.3864
mengungkapkan	911.4722	0.8182
penurunan	913.0938	0.7273
pengenaan	914.6087	0.5227
menjangkakan	914.9600	0.5682
meranapkan	917.2000	0.5682
pengungkapan	917.4412	0.7727
belantan	929.2000	0.1136
menganggarkan	933.4348	0.5227
persempadanan	936.0370	0.6136
mencalarkan	939.6000	0.7955
pelupusan	946.9630	0.6136
menswastakan	949.7619	0.4773
puntung	952.5263	0.4318
menggusarkan	972.3043	0.5227
perenggan	977.4706	0.3864
rasai	979.1667	0.2727
perikanan	1027.0909	0.2500
depang	1034.5000	0.0455
perbendaharaan	1046.3043	0.5227
salasilah	1052.2857	0.3182
ganyang	1111.6000	0.1136
mengehadkan	1195.6667	0.1364
