norm	adjusted r	adjusted r-squared	r-squared	vecs	source	lang	r	language	label
age of acquisition	0.6380881356081561	0.4071564688038926	0.4594998327911056	subs	brysbaert (2014)	nl	0.6778641698682013	Dutch	dutch: brysbaert (2014) age of acquisition
age of acquisition	0.6406464300284588	0.4104278483082089	0.4745067942570075	wiki	brysbaert (2014)	nl	0.6888445356225217	Dutch	dutch: brysbaert (2014) age of acquisition
age of acquisition	0.6947808360339139	0.4827204101199846	0.517267518406646	wiki+subs	brysbaert (2014)	nl	0.719213124467738	Dutch	dutch: brysbaert (2014) age of acquisition
concreteness	0.7729472338481889	0.5974474263135667	0.6742542818957067	subs	brysbaert (2014)	nl	0.8211298812585659	Dutch	dutch: brysbaert (2014) concreteness
concreteness	0.7552747652313223	0.570439970995229	0.6595011597501111	wiki	brysbaert (2014)	nl	0.8120967674791664	Dutch	dutch: brysbaert (2014) concreteness
concreteness	0.8012504809119091	0.6420023331615656	0.6879488555356849	wiki+subs	brysbaert (2014)	nl	0.829426823496615	Dutch	dutch: brysbaert (2014) concreteness
prevalence	0.4038509150270027	0.16309556156814736	0.2328546446096882	subs	keuleers (2015)	nl	0.4825501472486442	Dutch	dutch: keuleers (2015) prevalence
prevalence	0.4647458423500743	0.21598869798168008	0.30005856996590485	wiki	keuleers (2015)	nl	0.5477760217149933	Dutch	dutch: keuleers (2015) prevalence
prevalence	0.5184993128769569	0.2688415374538765	0.3412282333151957	wiki+subs	keuleers (2015)	nl	0.584147441418	Dutch	dutch: keuleers (2015) prevalence
arousal	0.8157858503182311	0.6655065535794394	0.7065093270227224	subs	roest (2018)	nl	0.8405410918109372	Dutch	dutch: roest (2018) arousal
arousal	0.7166564208695793	0.5135964255735955	0.5869673435126807	wiki	roest (2018)	nl	0.7661379402644675	Dutch	dutch: roest (2018) arousal
arousal	0.8145870055781317	0.6635519896567471	0.7123114010372749	wiki+subs	roest (2018)	nl	0.8439854270289712	Dutch	dutch: roest (2018) arousal
insulting	0.8432809611377456	0.7111227794174001	0.7549360312298465	subs	roest (2018)	nl	0.8688705491785566	Dutch	dutch: roest (2018) insulting
insulting	0.6195896725941303	0.3838913623853017	0.438732985583202	wiki	roest (2018)	nl	0.6623692214944789	Dutch	dutch: roest (2018) insulting
insulting	0.8240556468987729	0.679067709185755	0.7289672533112258	wiki+subs	roest (2018)	nl	0.8537957913407783	Dutch	dutch: roest (2018) insulting
taboo (general)	0.8285514526871792	0.6864975097500351	0.7287935648531177	subs	roest (2018)	nl	0.8536940698242654	Dutch	dutch: roest (2018) taboo (general)
taboo (general)	0.7146465699207235	0.5107197198994555	0.5836796798850921	wiki	roest (2018)	nl	0.7639893192218672	Dutch	dutch: roest (2018) taboo (general)
taboo (general)	0.8366452656626697	0.6999753005557592	0.7514111852611345	wiki+subs	roest (2018)	nl	0.8668397690814228	Dutch	dutch: roest (2018) taboo (general)
taboo (personal)	0.8016968468792425	0.6427178342961195	0.6823165634233685	subs	roest (2018)	nl	0.8260245537654244	Dutch	dutch: roest (2018) taboo (personal)
taboo (personal)	0.6862796694013206	0.4709797846335858	0.5382626110098123	wiki	roest (2018)	nl	0.7336638269737799	Dutch	dutch: roest (2018) taboo (personal)
taboo (personal)	0.8051412874482944	0.6482524927538971	0.6958876599530652	wiki+subs	roest (2018)	nl	0.8341988132052606	Dutch	dutch: roest (2018) taboo (personal)
valence	0.8047969003387055	0.6476980507947884	0.6876036179053677	subs	roest (2018)	nl	0.8292186791826193	Dutch	dutch: roest (2018) valence
valence	0.7167699080150389	0.5137591010358873	0.5871532583267283	wiki	roest (2018)	nl	0.7662592631262138	Dutch	dutch: roest (2018) valence
valence	0.8275760742345348	0.6848821586454442	0.7352089626353651	wiki+subs	roest (2018)	nl	0.8574432707971794	Dutch	dutch: roest (2018) valence
arousal	0.6229413684409129	0.3880559485150372	0.3962255474311432	subs	speed (2017)	nl	0.6294644925896482	Dutch	dutch: speed (2017) arousal
arousal	0.5723538166165337	0.3275888913955127	0.3431546702523189	wiki	speed (2017)	nl	0.5857940510557605	Dutch	dutch: speed (2017) arousal
arousal	0.6207193931483289	0.3852925650304297	0.3884966612053189	wiki+subs	speed (2017)	nl	0.6232950033534032	Dutch	dutch: speed (2017) arousal
auditory	0.7760916271335023	0.6023182137067272	0.6149985971531846	subs	speed (2017)	nl	0.7842184626449346	Dutch	dutch: speed (2017) auditory
auditory	0.7252587116858128	0.5260001988761649	0.5509937288443627	wiki	speed (2017)	nl	0.7422895182099519	Dutch	dutch: speed (2017) auditory
auditory	0.7922778942863544	0.6277042617748197	0.632924255635733	wiki+subs	speed (2017)	nl	0.795565368549771	Dutch	dutch: speed (2017) auditory
dominance	0.6056401820498936	0.36680003011342827	0.37452213601055306	subs	speed (2017)	nl	0.611982137002832	Dutch	dutch: speed (2017) dominance
dominance	0.5550957568365762	0.3081312992579713	0.3227725273004667	wiki	speed (2017)	nl	0.5681307308185913	Dutch	dutch: speed (2017) dominance
dominance	0.6295879909161368	0.3963810383058176	0.3996773463166768	wiki+subs	speed (2017)	nl	0.6322004004401427	Dutch	dutch: speed (2017) dominance
gustatory	0.9010342025950868	0.8118626342461639	0.8289544791776621	subs	speed (2017)	nl	0.9104693730036514	Dutch	dutch: speed (2017) gustatory
gustatory	0.8694744460578246	0.755985812347561	0.7919073844245509	wiki	speed (2017)	nl	0.8898917824233186	Dutch	dutch: speed (2017) gustatory
gustatory	0.9064633475367648	0.8216758004275577	0.8285088632169759	wiki+subs	speed (2017)	nl	0.9102246223965688	Dutch	dutch: speed (2017) gustatory
modality exclusivity	0.6618591627301623	0.4380575512898716	0.4472798155275531	subs	speed (2017)	nl	0.6687898141625312	Dutch	dutch: speed (2017) modality exclusivity
modality exclusivity	0.6152345496614247	0.378513551097096	0.3964990762032215	wiki	speed (2017)	nl	0.6296817261150441	Dutch	dutch: speed (2017) modality exclusivity
modality exclusivity	0.6731934491992428	0.4531894200447736	0.4569581470305929	wiki+subs	speed (2017)	nl	0.6759867950119979	Dutch	dutch: speed (2017) modality exclusivity
olfactory	0.7789156925282602	0.6067096560667792	0.619482490931343	subs	speed (2017)	nl	0.787072100211501	Dutch	dutch: speed (2017) olfactory
olfactory	0.7452989054528616	0.5554704584692336	0.5818643031481172	wiki	speed (2017)	nl	0.76280030358418	Dutch	dutch: speed (2017) olfactory
olfactory	0.790018479943191	0.6241291986517501	0.6293194622580016	wiki+subs	speed (2017)	nl	0.7932965790030874	Dutch	dutch: speed (2017) olfactory
tactile	0.6322260922319026	0.3997098316988223	0.4081247755240607	subs	speed (2017)	nl	0.6388464412705612	Dutch	dutch: speed (2017) tactile
tactile	0.5947283119185924	0.3537017649975386	0.3705083283451538	wiki	speed (2017)	nl	0.6086939529395324	Dutch	dutch: speed (2017) tactile
tactile	0.6470126075041005	0.4186253142692552	0.4221066058640098	wiki+subs	speed (2017)	nl	0.6496973186523166	Dutch	dutch: speed (2017) tactile
valence	0.4506900802122837	0.20312154840175475	0.20739779152600224	subs	speed (2017)	nl	0.4554094767634971	Dutch	dutch: speed (2017) valence
valence	0.4574382798917532	0.209249779910326	0.21919253403133496	wiki	speed (2017)	nl	0.4681800231015149	Dutch	dutch: speed (2017) valence
valence	0.4728596748073398	0.2235962720589031	0.22545570051677336	wiki+subs	speed (2017)	nl	0.4748217565747945	Dutch	dutch: speed (2017) valence
visual	0.6398721948163133	0.4094364256990461	0.4180561399242891	subs	speed (2017)	nl	0.6465726099397415	Dutch	dutch: speed (2017) visual
visual	0.5841084950131854	0.3411827339465684	0.35739444052718283	wiki	speed (2017)	nl	0.5978247573722444	Dutch	dutch: speed (2017) visual
visual	0.6376810895619391	0.4066371719849019	0.4100187700887265	wiki+subs	speed (2017)	nl	0.6403270805523741	Dutch	dutch: speed (2017) visual
age of acquisition	0.7272866583453559	0.5289458834071544	0.5419527493925763	subs	verheyen (2019)	nl	0.7361744014787368	Dutch	dutch: verheyen (2019) age of acquisition
age of acquisition	0.6829221277046188	0.4663826325086037	0.4763867543499527	wiki	verheyen (2019)	nl	0.6902077617282731	Dutch	dutch: verheyen (2019) age of acquisition
age of acquisition	0.7400352895890752	0.5476522298371863	0.5543038763534275	wiki+subs	verheyen (2019)	nl	0.7445158670931248	Dutch	dutch: verheyen (2019) age of acquisition
arousal	0.6493324083446295	0.4216325765266366	0.4320005907035212	subs	verheyen (2019)	nl	0.6572675183694392	Dutch	dutch: verheyen (2019) arousal
arousal	0.5347841430112598	0.28599407961628753	0.29212878408200976	wiki	verheyen (2019)	nl	0.5404893931262756	Dutch	dutch: verheyen (2019) arousal
arousal	0.6448789791942064	0.4158688978065618	0.4209199370511759	wiki+subs	verheyen (2019)	nl	0.6487834284652899	Dutch	dutch: verheyen (2019) arousal
concreteness	0.5135561144399833	0.2637398826786932	0.27022528962980863	subs	verheyen (2019)	nl	0.5198319821151913	Dutch	dutch: verheyen (2019) concreteness
concreteness	0.474855902023689	0.22548812768673135	0.23032495167184006	wiki	verheyen (2019)	nl	0.4799218182911046	Dutch	dutch: verheyen (2019) concreteness
concreteness	0.5219752806225146	0.2724581935809529	0.2757674024098713	wiki+subs	verheyen (2019)	nl	0.5251356038299739	Dutch	dutch: verheyen (2019) concreteness
dominance	0.6467124923172781	0.4182370477192256	0.42852156528609175	subs	verheyen (2019)	nl	0.6546155858869324	Dutch	dutch: verheyen (2019) dominance
dominance	0.5697547016999318	0.3246204201091783	0.3315836773331749	wiki	verheyen (2019)	nl	0.5758330290398207	Dutch	dutch: verheyen (2019) dominance
dominance	0.6705320711162429	0.4496132583954383	0.4550741481735205	wiki+subs	verheyen (2019)	nl	0.6745918382055334	Dutch	dutch: verheyen (2019) dominance
familiarity	0.6296186762715915	0.3964196775099911	0.4061677023667942	subs	verheyen (2019)	nl	0.6373128763541454	Dutch	dutch: verheyen (2019) familiarity
familiarity	0.5634276765273364	0.3174507466769929	0.3242602111103093	wiki	verheyen (2019)	nl	0.5694385051173738	Dutch	dutch: verheyen (2019) familiarity
familiarity	0.6402583238067441	0.4099307212038215	0.4149096368459732	wiki+subs	verheyen (2019)	nl	0.6441347971084727	Dutch	dutch: verheyen (2019) familiarity
imageability	0.6276585005976882	0.3939551933725382	0.4036426161603875	subs	verheyen (2019)	nl	0.6353287465244961	Dutch	dutch: verheyen (2019) imageability
imageability	0.5953887101409172	0.35448771616326513	0.3620916406162055	wiki	verheyen (2019)	nl	0.6017405093694502	Dutch	dutch: verheyen (2019) imageability
imageability	0.6377365604182634	0.40670792049411736	0.4116476928078111	wiki+subs	verheyen (2019)	nl	0.6415977655882313	Dutch	dutch: verheyen (2019) imageability
valence	0.7914978119354382	0.6264687862985864	0.6418737564534697	subs	verheyen (2019)	nl	0.8011702418671512	Dutch	dutch: verheyen (2019) valence
valence	0.6997822965693853	0.489695262591923	0.5001994510642728	wiki	verheyen (2019)	nl	0.7072478003248033	Dutch	dutch: verheyen (2019) valence
valence	0.8062791798219324	0.650086115814328	0.6579818985974979	wiki+subs	verheyen (2019)	nl	0.8111608339888571	Dutch	dutch: verheyen (2019) valence
concreteness	0.8002302466417206	0.6403684476402689	0.7604067525202859	subs	brysbaert (2014)	en	0.8720130460722969	English	english: brysbaert (2014) concreteness
concreteness	0.7944552665451514	0.6311591705413275	0.7686075561736556	wiki	brysbaert (2014)	en	0.8767026612105473	English	english: brysbaert (2014) concreteness
concreteness	0.8116804535608173	0.6588251586926941	0.7808719609426809	wiki+subs	brysbaert (2014)	en	0.8836695994220243	English	english: brysbaert (2014) concreteness
prevalence	0.5556011798717633	0.3086926710748955	0.4467416571754911	subs	brysbaert (2019)	en	0.6683873556370521	English	english: brysbaert (2019) prevalence
prevalence	0.5830323534380847	0.3399267251555517	0.4875972261142028	wiki	brysbaert (2019)	en	0.6982816237838446	English	english: brysbaert (2019) prevalence
prevalence	0.6049406666616421	0.36595321018103205	0.5076824145097839	wiki+subs	brysbaert (2019)	en	0.7125183608229222	English	english: brysbaert (2019) prevalence
humorousness	0.7102732548165973	0.5044880965077629	0.5044880965077629	subs	engelthaler (2018)	en	0.7102732548165973	English	english: engelthaler (2018) humorousness
humorousness	0.6883536789097604	0.4738307872686015	0.4762132831820599	wiki	engelthaler (2018)	en	0.6900820843798655	English	english: engelthaler (2018) humorousness
humorousness	0.7096973773703226	0.5036703674463141	0.5037711821715836	wiki+subs	engelthaler (2018)	en	0.7097684003754912	English	english: engelthaler (2018) humorousness
familiarity	0.6380620525534695	0.4071231829087465	0.4080101615207481	subs	janschewitz (2008)	en	0.6387567310962352	English	english: janschewitz (2008) familiarity
familiarity	0.6131469646486309	0.3759492002578295	0.3817585697982375	wiki	janschewitz (2008)	en	0.6178661422980203	English	english: janschewitz (2008) familiarity
familiarity	0.6505946900536558	0.4232734507260124	0.4260520510590059	wiki+subs	janschewitz (2008)	en	0.6527266281216095	English	english: janschewitz (2008) familiarity
offensiveness	0.8637881029469506	0.7461298867926919	0.7477554421016084	subs	janschewitz (2008)	en	0.8647285366527512	English	english: janschewitz (2008) offensiveness
offensiveness	0.8146661518918065	0.6636809390382038	0.6739364943875801	wiki	janschewitz (2008)	en	0.8209363522147013	English	english: janschewitz (2008) offensiveness
offensiveness	0.8536731820732288	0.7287579017910321	0.7335418705117609	wiki+subs	janschewitz (2008)	en	0.8564705894026723	English	english: janschewitz (2008) offensiveness
personal use	0.6629010494346164	0.4394378013415157	0.44039518217232493	subs	janschewitz (2008)	en	0.6636227709868951	English	english: janschewitz (2008) personal use
personal use	0.6177386625474256	0.38160105520588217	0.3874977602532137	wiki	janschewitz (2008)	en	0.6224931808889265	English	english: janschewitz (2008) personal use
personal use	0.6492370065618772	0.42150869068942703	0.4242757061644121	wiki+subs	janschewitz (2008)	en	0.6513644956277647	English	english: janschewitz (2008) personal use
tabooness	0.8970768044930328	0.8047467931594309	0.8065000541467064	subs	janschewitz (2008)	en	0.898053480671784	English	english: janschewitz (2008) tabooness
tabooness	0.8497094800866405	0.7220062005491088	0.7331630292551656	wiki	janschewitz (2008)	en	0.8562493966451397	English	english: janschewitz (2008) tabooness
tabooness	0.8746561999609331	0.7650234681300999	0.7700455040259211	wiki+subs	janschewitz (2008)	en	0.8775223666812836	English	english: janschewitz (2008) tabooness
lexical decision time	0.5412040228560305	0.2929017943555509	0.30812715509660343	subs	keuleers (2012)	en	0.5550920239893593	English	english: keuleers (2012) lexical decision time
lexical decision time	0.5360824040754012	0.2873843439592617	0.3214641678957456	wiki	keuleers (2012)	en	0.5669781017779661	English	english: keuleers (2012) lexical decision time
lexical decision time	0.5573008077465641	0.3105841903149728	0.33435171348653914	wiki+subs	keuleers (2012)	en	0.5782315396850461	English	english: keuleers (2012) lexical decision time
age of acquisition	0.7146452113257075	0.510717778070765	0.5367589695642091	subs	kuperman (2012)	en	0.7326383620615352	English	english: kuperman (2012) age of acquisition
age of acquisition	0.7154049477015911	0.5118042391959163	0.5713351436725261	wiki	kuperman (2012)	en	0.7558671468403202	English	english: kuperman (2012) age of acquisition
age of acquisition	0.7370967216622188	0.5433115770851905	0.583547157333131	wiki+subs	kuperman (2012)	en	0.7639025836670086	English	english: kuperman (2012) age of acquisition
action exclusivity	0.44436907213829696	0.19746387227305096	0.25240464770622056	subs	lynott (2019)	en	0.5023988930185064	English	english: lynott (2019) action exclusivity
action exclusivity	0.44142955921968186	0.1948600557528826	0.2556182309881301	wiki	lynott (2019)	en	0.5055870162376899	English	english: lynott (2019) action exclusivity
action exclusivity	0.4605192895625607	0.2120780160592056	0.2707362970570627	wiki+subs	lynott (2019)	en	0.5203232620756665	English	english: lynott (2019) action exclusivity
auditory	0.6336666384160662	0.4015334086415176	0.5132528668854217	subs	lynott (2019)	en	0.7164166852366168	English	english: lynott (2019) auditory
auditory	0.6214576649275996	0.3862096292972647	0.5066313968253491	wiki	lynott (2019)	en	0.7117804414462011	English	english: lynott (2019) auditory
auditory	0.645482195645825	0.4166472648957552	0.5318869903297245	wiki+subs	lynott (2019)	en	0.7293058277085989	English	english: lynott (2019) auditory
foot and leg	0.5534381141553778	0.30629374619986105	0.3915144791513612	subs	lynott (2019)	en	0.6257111787009731	English	english: lynott (2019) foot and leg
foot and leg	0.5560524344184568	0.3091943098226921	0.4056023806577567	wiki	lynott (2019)	en	0.6368692021583056	English	english: lynott (2019) foot and leg
foot and leg	0.573906417401638	0.32936857593478314	0.4204680441307368	wiki+subs	lynott (2019)	en	0.6484350731806051	English	english: lynott (2019) foot and leg
gustatory	0.6622497796231412	0.4385747706108992	0.560600322451937	subs	lynott (2019)	en	0.7487324772253018	English	english: lynott (2019) gustatory
gustatory	0.6511818903791886	0.4240378543578136	0.5562546196764249	wiki	lynott (2019)	en	0.7458247915404964	English	english: lynott (2019) gustatory
gustatory	0.6779224426233983	0.4595788382124748	0.586692931098982	wiki+subs	lynott (2019)	en	0.7659588312037287	English	english: lynott (2019) gustatory
hand and arm	0.5764086853944035	0.3322469725981044	0.4246887245993088	subs	lynott (2019)	en	0.6516814594564655	English	english: lynott (2019) hand and arm
hand and arm	0.5757942313645862	0.33153899687273464	0.4349142339960248	wiki	lynott (2019)	en	0.6594802756686698	English	english: lynott (2019) hand and arm
hand and arm	0.5951930190602173	0.35425472993801616	0.4522374151764663	wiki+subs	lynott (2019)	en	0.672485996267927	English	english: lynott (2019) hand and arm
haptic	0.6399248661115855	0.4095038342679306	0.5234409202703039	subs	lynott (2019)	en	0.7234921701513458	English	english: lynott (2019) haptic
haptic	0.6342973871397312	0.40233317533229	0.527782331524637	wiki	lynott (2019)	en	0.7264862913535514	English	english: lynott (2019) haptic
haptic	0.6539952466655976	0.4277097826611959	0.5460092701944479	wiki+subs	lynott (2019)	en	0.7389244008655066	English	english: lynott (2019) haptic
head	0.4904635250479063	0.24055446940241826	0.307484429454089	subs	lynott (2019)	en	0.5545127856542976	English	english: lynott (2019) head
head	0.4853262826083217	0.2355416005904125	0.3089844505812386	wiki	lynott (2019)	en	0.5558636978443894	English	english: lynott (2019) head
head	0.5015644108159837	0.25156685819718483	0.3211472877583468	wiki+subs	lynott (2019)	en	0.5666985863387579	English	english: lynott (2019) head
interoceptive	0.6566208576592183	0.4311509507131275	0.5511109580210583	subs	lynott (2019)	en	0.742368478601468	English	english: lynott (2019) interoceptive
interoceptive	0.6512032437514194	0.4240656646723705	0.5562911013626421	wiki	lynott (2019)	en	0.7458492484159531	English	english: lynott (2019) interoceptive
interoceptive	0.6669687457395926	0.4448473077934453	0.5678868329010525	wiki+subs	lynott (2019)	en	0.7535826649419773	English	english: lynott (2019) interoceptive
mouth	0.5899798870426248	0.3480762671148284	0.4449222359750351	subs	lynott (2019)	en	0.6670249140587142	English	english: lynott (2019) mouth
mouth	0.5803943247938883	0.33685757225295354	0.44189116328415295	wiki	lynott (2019)	en	0.6647489475615234	English	english: lynott (2019) mouth
mouth	0.6005289630745636	0.36063503549141057	0.4603824380869804	wiki+subs	lynott (2019)	en	0.6785148768354166	English	english: lynott (2019) mouth
olfactory	0.6029168926044819	0.3635087793878444	0.4646485675751074	subs	lynott (2019)	en	0.6816513533875711	English	english: lynott (2019) olfactory
olfactory	0.5856123500443983	0.3429418245245229	0.4498725107005593	wiki	lynott (2019)	en	0.6707253616052992	English	english: lynott (2019) olfactory
olfactory	0.6132663028964745	0.3760955582683104	0.4801191593415575	wiki+subs	lynott (2019)	en	0.6929063135385313	English	english: lynott (2019) olfactory
perceptual exclusivity	0.4845986664928654	0.2348358675666634	0.3001747293802957	subs	lynott (2019)	en	0.547882039658443	English	english: lynott (2019) perceptual exclusivity
perceptual exclusivity	0.482554639545573	0.2328589801469579	0.3054653779343638	wiki	lynott (2019)	en	0.5526892236459507	English	english: lynott (2019) perceptual exclusivity
perceptual exclusivity	0.4967357130494695	0.2467463686187649	0.3149935075471096	wiki+subs	lynott (2019)	en	0.5612428240495461	English	english: lynott (2019) perceptual exclusivity
sensorimotor exclusivity	0.4853335846800678	0.23554868841840454	0.3010858798296932	subs	lynott (2019)	en	0.5487129302556057	English	english: lynott (2019) sensorimotor exclusivity
sensorimotor exclusivity	0.4813753426445104	0.23172222050611985	0.3039741719130629	wiki	lynott (2019)	en	0.5513385275065247	English	english: lynott (2019) sensorimotor exclusivity
sensorimotor exclusivity	0.4956475155501491	0.2456664596710353	0.31361490850558765	wiki+subs	lynott (2019)	en	0.5600133110075042	English	english: lynott (2019) sensorimotor exclusivity
torso	0.5239174857398846	0.2744895318640022	0.35086131347295696	subs	lynott (2019)	en	0.5923354737587113	English	english: lynott (2019) torso
torso	0.5269357429395763	0.2776612771872833	0.3642372173932227	wiki	lynott (2019)	en	0.6035206851411331	English	english: lynott (2019) torso
torso	0.5457532113084066	0.2978465676534383	0.3802274196828407	wiki+subs	lynott (2019)	en	0.6166258344270379	English	english: lynott (2019) torso
visual	0.5718166193438153	0.3269742461577897	0.41794895674051497	subs	lynott (2019)	en	0.6464897189751087	English	english: lynott (2019) visual
visual	0.5783564088279514	0.3344961356323644	0.4387934209109746	wiki	lynott (2019)	en	0.6624148404972329	English	english: lynott (2019) visual
visual	0.5958407459479229	0.3550261945317772	0.4532222577891357	wiki+subs	lynott (2019)	en	0.6732178382879762	English	english: lynott (2019) visual
body object interaction	0.8209198878111871	0.6739094622039318	0.6747755769673941	subs	pexman (2019)	en	0.8214472453952195	English	english: pexman (2019) body object interaction
body object interaction	0.7870179316470017	0.6193972247339247	0.6334220798553338	wiki	pexman (2019)	en	0.7958781815424606	English	english: pexman (2019) body object interaction
body object interaction	0.8169168956160551	0.6673532143429726	0.6726776496919085	wiki+subs	pexman (2019)	en	0.820169281119397	English	english: pexman (2019) body object interaction
age of acquisition	0.7434461822646077	0.5527122259238203	0.6558143142211483	subs	scott (2019)	en	0.8098236315526661	English	english: scott (2019) age of acquisition
age of acquisition	0.7297672615870694	0.5325602560842901	0.6323085529262482	wiki	scott (2019)	en	0.7951783151760667	English	english: scott (2019) age of acquisition
age of acquisition	0.7546243343933074	0.5694578860585423	0.6756836840348474	wiki+subs	scott (2019)	en	0.8219998078070623	English	english: scott (2019) age of acquisition
arousal	0.6859108796481634	0.4704737348197174	0.5582351815072416	subs	scott (2019)	en	0.7471513779062725	English	english: scott (2019) arousal
arousal	0.6711944310865802	0.4505019643216381	0.5348807799610982	wiki	scott (2019)	en	0.7313554402348411	English	english: scott (2019) arousal
arousal	0.6798711796627777	0.4622248209360569	0.5484475279183598	wiki+subs	scott (2019)	en	0.7405724325941115	English	english: scott (2019) arousal
concreteness	0.8349917189262767	0.6972111706754582	0.8272678698206879	subs	scott (2019)	en	0.9095426706981306	English	english: scott (2019) concreteness
concreteness	0.8289388031927062	0.687139539438556	0.8158404666457775	wiki	scott (2019)	en	0.903238875738737	English	english: scott (2019) concreteness
concreteness	0.8367956125917138	0.7002268972527415	0.8308461453941183	wiki+subs	scott (2019)	en	0.9115076222358858	English	english: scott (2019) concreteness
dominance	0.6586403625635942	0.4338071271979028	0.5147288413098192	subs	scott (2019)	en	0.7174460546339491	English	english: scott (2019) dominance
dominance	0.6618846322194647	0.4380912663682961	0.5201455638535702	wiki	scott (2019)	en	0.7212111784030876	English	english: scott (2019) dominance
dominance	0.6757021342950308	0.4565733742908598	0.5417418691105009	wiki+subs	scott (2019)	en	0.7360311604208758	English	english: scott (2019) dominance
familiarity	0.6576440105260425	0.43249564458077744	0.5131727167429609	subs	scott (2019)	en	0.7163607448366786	English	english: scott (2019) familiarity
familiarity	0.6530588846887108	0.4264859068708628	0.5063665257331411	wiki	scott (2019)	en	0.7115943547648064	English	english: scott (2019) familiarity
familiarity	0.6809677470821739	0.4637170725661716	0.5502181418717844	wiki+subs	scott (2019)	en	0.7417669053495071	English	english: scott (2019) familiarity
gender association	0.7329421806374129	0.537204240157526	0.6374134926484492	subs	scott (2019)	en	0.7983817962907528	English	english: scott (2019) gender association
gender association	0.7218693346245649	0.5210953362713121	0.6186962587801146	wiki	scott (2019)	en	0.7865724752240664	English	english: scott (2019) gender association
gender association	0.7412301645019626	0.5494221567676065	0.6519105206261793	wiki+subs	scott (2019)	en	0.8074097600513505	English	english: scott (2019) gender association
imageability	0.8009318253232879	0.6414917888156938	0.761154680190929	subs	scott (2019)	en	0.8724417918640355	English	english: scott (2019) imageability
imageability	0.7901452833865535	0.624329568858017	0.741266216777543	wiki	scott (2019)	en	0.8609681856941888	English	english: scott (2019) imageability
imageability	0.8008012043067428	0.6412825688191298	0.7609064326180829	wiki+subs	scott (2019)	en	0.8722995085508664	English	english: scott (2019) imageability
semantic size	0.7562768097984691	0.5719546130389497	0.6786461466250615	subs	scott (2019)	en	0.8237998219379885	English	english: scott (2019) semantic size
semantic size	0.7462084285891941	0.5568270188975545	0.6611204695185204	wiki	scott (2019)	en	0.8130931493491508	English	english: scott (2019) semantic size
semantic size	0.7578110020564129	0.5742775148377448	0.6814023589517088	wiki+subs	scott (2019)	en	0.8254709921927655	English	english: scott (2019) semantic size
valence	0.7766877602165443	0.6032438768701922	0.715772061594055	subs	scott (2019)	en	0.8460331326810169	English	english: scott (2019) valence
valence	0.7804063798648311	0.609034117733731	0.7231059345254239	wiki	scott (2019)	en	0.8503563573734391	English	english: scott (2019) valence
valence	0.7887290447829353	0.6220935060842014	0.738137871642216	wiki+subs	scott (2019)	en	0.8591495048256829	English	english: scott (2019) valence
arousal	0.6082619602102989	0.3699826122388752	0.3730658006741992	subs	warriner (2013)	en	0.6107911268790659	English	english: warriner (2013) arousal
arousal	0.6025375391104119	0.3630514860372311	0.3693421134820932	wiki	warriner (2013)	en	0.6077352330432169	English	english: warriner (2013) arousal
arousal	0.617451554871028	0.3812464226126501	0.3845906894776733	wiki+subs	warriner (2013)	en	0.6201537627699064	English	english: warriner (2013) arousal
dominance	0.6910474750579169	0.4775466127839223	0.48152616789045505	subs	warriner (2013)	en	0.6939208657263846	English	english: warriner (2013) dominance
dominance	0.6932813207934861	0.4806389897611607	0.4889670670073513	wiki	warriner (2013)	en	0.6992618014787818	English	english: warriner (2013) dominance
dominance	0.7020337021161019	0.4928513189068399	0.4971745760902332	wiki+subs	warriner (2013)	en	0.7051060743535211	English	english: warriner (2013) dominance
valence	0.7840795420776171	0.6147807283046456	0.6199039010405176	subs	warriner (2013)	en	0.7873397621360918	English	english: warriner (2013) valence
valence	0.7811456448017801	0.6101885183927888	0.6207613125775446	wiki	warriner (2013)	en	0.7878840730574166	English	english: warriner (2013) valence
valence	0.7993304893648333	0.638929231228224	0.6445338736074189	wiki+subs	warriner (2013)	en	0.8028286701453922	English	english: warriner (2013) valence
age of acquisition	0.5741494867719869	0.3296476331605359	0.34676701507587776	subs	bakhtiar (2015)	fa	0.5888692682386115	Farsi	farsi: bakhtiar (2015) age of acquisition
age of acquisition	0.6633076360194708	0.4399770200017389	0.4420069024469603	wiki	bakhtiar (2015)	fa	0.6648359966540321	Farsi	farsi: bakhtiar (2015) age of acquisition
age of acquisition	0.7030815078884161	0.4943236067346488	0.4960320984629944	wiki+subs	bakhtiar (2015)	fa	0.7042954624750853	Farsi	farsi: bakhtiar (2015) age of acquisition
familiarity	0.4745985508639645	0.2252437844821751	0.2369412273961045	subs	bakhtiar (2015)	fa	0.4867660910500078	Farsi	farsi: bakhtiar (2015) familiarity
familiarity	0.6350538970467721	0.4032934521542921	0.4051540909185565	wiki	bakhtiar (2015)	fa	0.6365171568139829	Farsi	farsi: bakhtiar (2015) familiarity
familiarity	0.6241848659187906	0.38960674684205865	0.3909533139394391	wiki+subs	bakhtiar (2015)	fa	0.6252625959862297	Farsi	farsi: bakhtiar (2015) familiarity
imageability	0.6194379643043997	0.3837033916215788	0.4036300170318782	subs	bakhtiar (2015)	fa	0.6353188310068246	Farsi	farsi: bakhtiar (2015) imageability
imageability	0.7242330740360561	0.5245135455277156	0.5269334465451445	wiki	bakhtiar (2015)	fa	0.7259018160503145	Farsi	farsi: bakhtiar (2015) imageability
imageability	0.7275194335254177	0.5292845261571447	0.5311138505563053	wiki+subs	bakhtiar (2015)	fa	0.7287755831230252	Farsi	farsi: bakhtiar (2015) imageability
concreteness	0.8430800914595586	0.7107840406154579	0.7245856724720687	subs	eilola (2010)	fi	0.8512259820236155	Finnish	finnish: eilola (2010) concreteness
concreteness	0.811843305274849	0.6590895523195917	0.7134474535418258	wiki	eilola (2010)	fi	0.8446581873999838	Finnish	finnish: eilola (2010) concreteness
concreteness	0.8722625947659209	0.7608420342277772	0.7756156659603555	wiki+subs	eilola (2010)	fi	0.8806904484325667	Finnish	finnish: eilola (2010) concreteness
emotional charge	0.825687332345328	0.6817595707955441	0.6949976207139041	subs	eilola (2010)	fi	0.8336651730244607	Finnish	finnish: eilola (2010) emotional charge
emotional charge	0.7723355180728899	0.5965021524769193	0.6456982062894487	wiki	eilola (2010)	fi	0.8035534868877421	Finnish	finnish: eilola (2010) emotional charge
emotional charge	0.8350723093929444	0.6973457619148655	0.7108864563209795	wiki+subs	eilola (2010)	fi	0.8431408282849191	Finnish	finnish: eilola (2010) emotional charge
familiarity	0.603954384200498	0.3647608981950027	0.3718436340822843	subs	eilola (2010)	fi	0.6097898277950234	Finnish	finnish: eilola (2010) familiarity
familiarity	0.4627126220865382	0.21410297063819955	0.23176094759805105	wiki	eilola (2010)	fi	0.4814155664268149	Finnish	finnish: eilola (2010) familiarity
familiarity	0.5992319605578847	0.3590789425540463	0.3660513492055812	wiki+subs	eilola (2010)	fi	0.6050217758110704	Finnish	finnish: eilola (2010) familiarity
offensiveness	0.8797074828237634	0.7738852553361221	0.7889121534979886	subs	eilola (2010)	fi	0.8882072694467146	Finnish	finnish: eilola (2010) offensiveness
offensiveness	0.5477363741371537	0.30001513555291603	0.3247586518871771	wiki	eilola (2010)	fi	0.5698759969389632	Finnish	finnish: eilola (2010) offensiveness
offensiveness	0.8900034462241664	0.7921061342908927	0.8074868359276091	wiki+subs	eilola (2010)	fi	0.8986027130649056	Finnish	finnish: eilola (2010) offensiveness
valence	0.8035391722030601	0.6456752012647792	0.6582125838136099	subs	eilola (2010)	fi	0.8113030160264474	Finnish	finnish: eilola (2010) valence
valence	0.6734085702842671	0.4534791025323008	0.4908794408854802	wiki	eilola (2010)	fi	0.7006278904564678	Finnish	finnish: eilola (2010) valence
valence	0.8135582848766729	0.6618770828914738	0.6747290650835414	wiki+subs	eilola (2010)	fi	0.8214189339694705	Finnish	finnish: eilola (2010) valence
arousal	0.7387565648363464	0.5457612620887989	0.5716202745069714	subs	soderholm (2013)	fi	0.7560557350532905	Finnish	finnish: soderholm (2013) arousal
arousal	0.6977389260817533	0.4868396089697184	0.535268680019062	wiki	soderholm (2013)	fi	0.7316205847425713	Finnish	finnish: soderholm (2013) arousal
arousal	0.7461112256249901	0.5566819610036249	0.5845160590538061	wiki+subs	soderholm (2013)	fi	0.7645364994909047	Finnish	finnish: soderholm (2013) arousal
valence	0.8194019247067256	0.6714195142130864	0.703232408901487	subs	soderholm (2013)	fi	0.8385895354113877	Finnish	finnish: soderholm (2013) valence
valence	0.7556681291696363	0.5710343214427382	0.6278387827380891	wiki	soderholm (2013)	fi	0.7923627848013113	Finnish	finnish: soderholm (2013) valence
valence	0.8331979131985421	0.6942187625584053	0.7289297006863256	wiki+subs	soderholm (2013)	fi	0.8537737994845741	Finnish	finnish: soderholm (2013) valence
arousal	0.7175778014656141	0.5149179011562244	0.5244007354316613	subs	bonin (2018)	fr	0.7241551873953962	French	french: bonin (2018) arousal
arousal	0.7010678462846457	0.4914961250941916	0.5011629204248702	wiki	bonin (2018)	fr	0.7079286125202671	French	french: bonin (2018) arousal
arousal	0.7324006635191538	0.5364107319232967	0.5462893826032837	wiki+subs	bonin (2018)	fr	0.7391139172030816	French	french: bonin (2018) arousal
concreteness	0.8607815541304293	0.7409448839311972	0.7545902777420848	subs	bonin (2018)	fr	0.8686715591879849	French	french: bonin (2018) concreteness
concreteness	0.8385133652440494	0.7031046636929006	0.7169333970906713	wiki	bonin (2018)	fr	0.8467191961274241	French	french: bonin (2018) concreteness
concreteness	0.8669583433389494	0.7516167690850157	0.7654586985340952	wiki+subs	bonin (2018)	fr	0.8749049654300147	French	french: bonin (2018) concreteness
context availability	0.6816803207636073	0.4646880597163745	0.4732458508713722	subs	bonin (2018)	fr	0.6879286669934407	French	french: bonin (2018) context availability
context availability	0.6587071458749435	0.4338951040267141	0.4424289966689113	wiki	bonin (2018)	fr	0.6651533632696383	French	french: bonin (2018) context availability
context availability	0.697142150873231	0.4860071785241548	0.4949575869684302	wiki+subs	bonin (2018)	fr	0.7035322216987863	French	french: bonin (2018) context availability
valence	0.7186316457505979	0.5164314422742128	0.5259421502350639	subs	bonin (2018)	fr	0.7252186913166703	French	french: bonin (2018) valence
valence	0.7149915079000349	0.5112128563691656	0.5212674423579875	wiki	bonin (2018)	fr	0.7219885333978563	French	french: bonin (2018) valence
valence	0.7437970275277476	0.5532340181591129	0.5634224899484152	wiki+subs	bonin (2018)	fr	0.7506147413609828	French	french: bonin (2018) valence
familiarity	0.507930298566886	0.2579931882022459	0.26155723280949433	subs	chedid (2019a)	fr	0.5114266641557657	French	french: chedid (2019a) familiarity
familiarity	0.5201821132403348	0.27058943093518045	0.2747147356417021	wiki	chedid (2019a)	fr	0.5241323646195702	French	french: chedid (2019a) familiarity
familiarity	0.5825110572261176	0.3393191317906893	0.3429431135242605	wiki+subs	chedid (2019a)	fr	0.5856134506005309	French	french: chedid (2019a) familiarity
auditory perceptual strength	0.6321040959453164	0.39955558811084574	0.405075245234452	subs	chedid (2019b)	fr	0.6364552185617242	French	french: chedid (2019b) auditory perceptual strength
auditory perceptual strength	0.6036188313343731	0.3643556935414744	0.36991052342607056	wiki	chedid (2019b)	fr	0.6082026992919963	French	french: chedid (2019b) auditory perceptual strength
auditory perceptual strength	0.6402865614740423	0.4099668808042526	0.4143453916166645	wiki+subs	chedid (2019b)	fr	0.6436966611818524	French	french: chedid (2019b) auditory perceptual strength
visual perceptual strength	0.6827463917540348	0.466142635453154	0.47258215875092796	subs	chedid (2019b)	fr	0.6874461133433863	French	french: chedid (2019b) visual perceptual strength
visual perceptual strength	0.6756334581525134	0.45648056977512397	0.46343990087841497	wiki	chedid (2019b)	fr	0.6807642035818386	French	french: chedid (2019b) visual perceptual strength
visual perceptual strength	0.7097404159144083	0.5037314579823572	0.5091113892368062	wiki+subs	chedid (2019b)	fr	0.7135204196354903	French	french: chedid (2019b) visual perceptual strength
imageability	0.7695384243191212	0.5921893865035559	0.6003609663229517	subs	desrochers (2009)	fr	0.7748296369673476	French	french: desrochers (2009) imageability
imageability	0.7533612150470089	0.5675531203371056	0.5761960612559448	wiki	desrochers (2009)	fr	0.7590757941443955	French	french: desrochers (2009) imageability
imageability	0.7908840901976191	0.6254976441277157	0.6321705555473826	wiki+subs	desrochers (2009)	fr	0.7950915390993559	French	french: desrochers (2009) imageability
lexical decision time	0.5092039128175164	0.2592886248286689	0.2767598338523464	subs	ferrand (2010)	fr	0.5260796839380385	French	french: ferrand (2010) lexical decision time
lexical decision time	0.4824722462796532	0.2327794684301343	0.2653543347191174	wiki	ferrand (2010)	fr	0.5151255523841906	French	french: ferrand (2010) lexical decision time
lexical decision time	0.5157045196083597	0.2659511515444891	0.2828710225419785	wiki+subs	ferrand (2010)	fr	0.5318562047602515	French	french: ferrand (2010) lexical decision time
arousal	0.6833799670163033	0.4670081793192038	0.4711207758102731	subs	monnier (2014)	fr	0.6863823830856042	French	french: monnier (2014) arousal
arousal	0.667972095875133	0.4461867208678178	0.450115958135734	wiki	monnier (2014)	fr	0.6709068177740736	French	french: monnier (2014) arousal
arousal	0.6954898497019015	0.4837061310383736	0.4879657740710012	wiki+subs	monnier (2014)	fr	0.698545470295958	French	french: monnier (2014) arousal
valence	0.7107738573657817	0.5051994763146326	0.5096483953819826	subs	monnier (2014)	fr	0.7138966279385149	French	french: monnier (2014) valence
valence	0.7021558985735028	0.4930229059015631	0.4973645948967824	wiki	monnier (2014)	fr	0.7052408063185102	French	french: monnier (2014) valence
valence	0.7126286441749173	0.507839584498581	0.5123117530509168	wiki+subs	monnier (2014)	fr	0.7157595637159987	French	french: monnier (2014) valence
emotionality (older adults)	0.7293324479570362	0.5319258196430029	0.5346071052790475	subs	grandy (2020)	de	0.7311683152866018	German	german: grandy (2020) emotionality (older adults)
emotionality (older adults)	0.7509237351377319	0.5638864559932026	0.5667288460389226	wiki	grandy (2020)	de	0.7528139518094246	German	german: grandy (2020) emotionality (older adults)
emotionality (older adults)	0.7854794936527177	0.6169780349489298	0.6188881836639419	wiki+subs	grandy (2020)	de	0.7866944665268353	German	german: grandy (2020) emotionality (older adults)
emotionality (young adults)	0.7220426131093781	0.5213455351458192	0.5239734885994429	subs	grandy (2020)	de	0.7238601305497098	German	german: grandy (2020) emotionality (young adults)
emotionality (young adults)	0.7382964008755839	0.5450815755458409	0.5478291755776734	wiki	grandy (2020)	de	0.7401548321653203	German	german: grandy (2020) emotionality (young adults)
emotionality (young adults)	0.7696414384837329	0.5923479438313098	0.5941818383942551	wiki+subs	grandy (2020)	de	0.7708319131913618	German	german: grandy (2020) emotionality (young adults)
imageability (older adults)	0.8704188350211318	0.7576289483595443	0.7614479387933071	subs	grandy (2020)	de	0.8726098433969829	German	german: grandy (2020) imageability (older adults)
imageability (older adults)	0.8759512283655836	0.7672905544751748	0.7711582462968798	wiki	grandy (2020)	de	0.8781561628189373	German	german: grandy (2020) imageability (older adults)
imageability (older adults)	0.8850989428493037	0.7834001386329549	0.7858255260590631	wiki+subs	grandy (2020)	de	0.8864680062241745	German	german: grandy (2020) imageability (older adults)
imageability (young adults)	0.8755976056088589	0.7666711669479668	0.7705357366146297	subs	grandy (2020)	de	0.8778016499270377	German	german: grandy (2020) imageability (young adults)
imageability (young adults)	0.8707420775043683	0.7581917655366234	0.7620135929705032	wiki	grandy (2020)	de	0.8729338995425159	German	german: grandy (2020) imageability (young adults)
imageability (young adults)	0.8820258313707483	0.7779695672052597	0.7803781417167309	wiki+subs	grandy (2020)	de	0.8833901412834145	German	german: grandy (2020) imageability (young adults)
arousal	0.7725922889921952	0.5968988450101996	0.6646980456683738	subs	kanske (2010)	de	0.8152901604142992	German	german: kanske (2010) arousal
arousal	0.7862261315590603	0.6181515299463247	0.6906721004986868	wiki	kanske (2010)	de	0.8310668447836713	German	german: kanske (2010) arousal
arousal	0.7971017568472736	0.63537121076901	0.707540323796225	wiki+subs	kanske (2010)	de	0.8411541617303127	German	german: kanske (2010) arousal
concreteness	0.8488660838138409	0.7205736282494469	0.8024205214359097	subs	kanske (2010)	de	0.8957792816514064	German	german: kanske (2010) concreteness
concreteness	0.8494459666867914	0.7215584503204575	0.8062105590172709	wiki	kanske (2010)	de	0.8978922869794967	German	german: kanske (2010) concreteness
concreteness	0.8581742767322191	0.7364630892448673	0.8201147987136607	wiki+subs	kanske (2010)	de	0.9056018985810822	German	german: kanske (2010) concreteness
valence	0.7729682709593274	0.5974799479098521	0.6653451535744456	subs	kanske (2010)	de	0.8156869212966734	German	german: kanske (2010) valence
valence	0.7730871498242675	0.5976637412234094	0.6677807164507367	wiki	kanske (2010)	de	0.8171785095379935	German	german: kanske (2010) valence
valence	0.8014812321341753	0.6423721654633158	0.7153364871529129	wiki+subs	kanske (2010)	de	0.8457756718852304	German	german: kanske (2010) valence
arousal	0.7426550575922808	0.5515365345673938	0.5842201810602764	subs	schauenburg (2015)	de	0.7643429734486191	German	german: schauenburg (2015) arousal
arousal	0.7611263832216941	0.5793133712361372	0.6054212819983018	wiki	schauenburg (2015)	de	0.7780882225032724	German	german: schauenburg (2015) arousal
arousal	0.7722030401183299	0.596297535167991	0.6209020451142431	wiki+subs	schauenburg (2015)	de	0.787973378429908	German	german: schauenburg (2015) arousal
authority	0.6480006501529056	0.4199048425985884	0.44478809253035656	subs	schauenburg (2015)	de	0.6669243529294432	German	german: schauenburg (2015) authority
authority	0.7158253929379008	0.5124059931747	0.5354985897002347	wiki	schauenburg (2015)	de	0.7317776914475015	German	german: schauenburg (2015) authority
authority	0.7302064111024893	0.5332014028151776	0.5552024315721145	wiki+subs	schauenburg (2015)	de	0.7451190720764799	German	german: schauenburg (2015) authority
community	0.6791600155465671	0.4612583267172133	0.4885921534856408	subs	schauenburg (2015)	de	0.6989936719925587	German	german: schauenburg (2015) community
community	0.6900950690679183	0.4762312043518549	0.4976935119779433	wiki	schauenburg (2015)	de	0.7054739626506022	German	german: schauenburg (2015) community
community	0.6884047738056552	0.4739011325984154	0.4934553055454374	wiki+subs	schauenburg (2015)	de	0.7024637396659257	German	german: schauenburg (2015) community
potency	0.6228857554851998	0.3879866643863681	0.4109784667203751	subs	schauenburg (2015)	de	0.6410760225748386	German	german: schauenburg (2015) potency
potency	0.6718088698859082	0.4513271576573811	0.4716671148234263	wiki	schauenburg (2015)	de	0.6867802522083948	German	german: schauenburg (2015) potency
potency	0.6811563790184881	0.4639740126775783	0.4831185714531094	wiki+subs	schauenburg (2015)	de	0.6950673143322951	German	german: schauenburg (2015) potency
valence	0.7698122622549199	0.5926109191180376	0.6277286032139213	subs	schauenburg (2015)	de	0.7922932558175171	German	german: schauenburg (2015) valence
valence	0.8019440730578133	0.6431142963125555	0.6720975228211603	wiki	schauenburg (2015)	de	0.8198155419490171	German	german: schauenburg (2015) valence
valence	0.8038654068175661	0.6461995922779711	0.6728631676874991	wiki+subs	schauenburg (2015)	de	0.820282370703832	German	german: schauenburg (2015) valence
arousal	0.5890309662464848	0.34695747919726744	0.3740713777163014	subs	sianipar (2016)	id	0.6116137487960039	Indonesian	indonesian: sianipar (2016) arousal
arousal	0.581369904540166	0.3379909659050417	0.3597189565703658	wiki	sianipar (2016)	id	0.5997657514149718	Indonesian	indonesian: sianipar (2016) arousal
arousal	0.6086313294607661	0.3704320952011797	0.3920055552910211	wiki+subs	sianipar (2016)	id	0.6261034701157797	Indonesian	indonesian: sianipar (2016) arousal
concreteness	0.8007003484157084	0.6411210479530367	0.6912231269537081	subs	sianipar (2016)	id	0.8313982962177082	Indonesian	indonesian: sianipar (2016) concreteness
concreteness	0.8151594574443682	0.6644849410609969	0.7072018301292038	wiki	sianipar (2016)	id	0.8409529297940544	Indonesian	indonesian: sianipar (2016) concreteness
concreteness	0.8253965966173968	0.6812795417075816	0.7209563331990744	wiki+subs	sianipar (2016)	id	0.8490914751657058	Indonesian	indonesian: sianipar (2016) concreteness
dominance	0.5565253697584257	0.3097204871847525	0.3339244036941253	subs	sianipar (2016)	id	0.5778619244197747	Indonesian	indonesian: sianipar (2016) dominance
dominance	0.517733345742267	0.26804781729348176	0.28527946269091986	wiki	sianipar (2016)	id	0.5341155892603396	Indonesian	indonesian: sianipar (2016) dominance
dominance	0.5679448137789079	0.3225613114983586	0.3413468424236891	wiki+subs	sianipar (2016)	id	0.5842489558601617	Indonesian	indonesian: sianipar (2016) dominance
predicability	0.3345324567847203	0.11191196464242074	0.12065761745094565	subs	sianipar (2016)	id	0.3473580536722096	Indonesian	indonesian: sianipar (2016) predicability
predicability	0.3714886708902077	0.13800383259977306	0.14687550755261558	wiki	sianipar (2016)	id	0.38324340509996463	Indonesian	indonesian: sianipar (2016) predicability
predicability	0.3870584026681899	0.14981420707605064	0.15853918220405927	wiki+subs	sianipar (2016)	id	0.3981697906723453	Indonesian	indonesian: sianipar (2016) predicability
valence	0.7562664617532195	0.5719389611727338	0.616634625287535	subs	sianipar (2016)	id	0.7852608644823292	Indonesian	indonesian: sianipar (2016) valence
valence	0.7544276257507558	0.5691610424959225	0.6057499666563747	wiki	sianipar (2016)	id	0.7782994068200071	Indonesian	indonesian: sianipar (2016) valence
valence	0.8025785960568234	0.6441324028485417	0.6816457956280733	wiki+subs	sianipar (2016)	id	0.8256184322240349	Indonesian	indonesian: sianipar (2016) valence
auditory	0.7742265011216714	0.5994266750391053	0.602112278421897	subs	vergallito (2020)	it	0.7759589411959225	Italian	italian: vergallito (2020) auditory
auditory	0.7790722741917849	0.6069536084143597	0.6113162578908331	wiki	vergallito (2020)	it	0.7818671612817827	Italian	italian: vergallito (2020) auditory
auditory	0.7915092009913111	0.6264868152539037	0.6292936558240376	wiki+subs	vergallito (2020)	it	0.79328031352356	Italian	italian: vergallito (2020) auditory
gustatory	0.7275061656776654	0.5292652210990187	0.5316364810501792	subs	vergallito (2020)	it	0.7291340624673759	Italian	italian: vergallito (2020) gustatory
gustatory	0.6876100418205247	0.4728075696124236	0.4762060067704644	wiki	vergallito (2020)	it	0.6900768122248887	Italian	italian: vergallito (2020) gustatory
gustatory	0.7387801048096376	0.5457960432625392	0.5482413660370129	wiki+subs	vergallito (2020)	it	0.7404332286148515	Italian	italian: vergallito (2020) gustatory
haptic	0.8428317477963062	0.7103653550933764	0.7135479955731854	subs	vergallito (2020)	it	0.8447177017046495	Italian	italian: vergallito (2020) haptic
haptic	0.8170016298063303	0.6674916631061999	0.6722894468482032	wiki	vergallito (2020)	it	0.8199325867705243	Italian	italian: vergallito (2020) haptic
haptic	0.8465597429628894	0.7166633984053934	0.7198742559251308	wiki+subs	vergallito (2020)	it	0.8484540387817897	Italian	italian: vergallito (2020) haptic
lexical decision time	0.4997638055048588	0.24976386129269834	0.2508828750081674	subs	vergallito (2020)	it	0.5008820969132032	Italian	italian: vergallito (2020) lexical decision time
lexical decision time	0.4926323255221353	0.2426866081493471	0.24443098628519144	wiki	vergallito (2020)	it	0.4943996220520314	Italian	italian: vergallito (2020) lexical decision time
lexical decision time	0.5119202936335482	0.2620623870338581	0.2632365016711066	wiki+subs	vergallito (2020)	it	0.5130657868842032	Italian	italian: vergallito (2020) lexical decision time
modality exclusivity	0.5897223360543525	0.34777243364140265	0.34933055386381034	subs	vergallito (2020)	it	0.5910419222557824	Italian	italian: vergallito (2020) modality exclusivity
modality exclusivity	0.559442972050089	0.3129764389762367	0.31522604500661394	wiki	vergallito (2020)	it	0.5614499487991907	Italian	italian: vergallito (2020) modality exclusivity
modality exclusivity	0.6099545121335157	0.3720445068720352	0.3737113729422504	wiki+subs	vergallito (2020)	it	0.6113193706584558	Italian	italian: vergallito (2020) modality exclusivity
naming time	0.3763191635716358	0.14161611287125558	0.14225059366368953	subs	vergallito (2020)	it	0.3771612303295363	Italian	italian: vergallito (2020) naming time
naming time	0.3643976943283175	0.1327856796317939	0.1337401139867394	wiki	vergallito (2020)	it	0.3657049548293534	Italian	italian: vergallito (2020) naming time
naming time	0.4000746046407249	0.16005968927843234	0.1607768025816511	wiki+subs	vergallito (2020)	it	0.4009698275202899	Italian	italian: vergallito (2020) naming time
olfactory	0.7434890178937776	0.5527759197286539	0.5552525143510942	subs	vergallito (2020)	it	0.7451526785505734	Italian	italian: vergallito (2020) olfactory
olfactory	0.6645355264245182	0.4416074658803115	0.4447816435326408	wiki	vergallito (2020)	it	0.666919518032454	Italian	italian: vergallito (2020) olfactory
olfactory	0.7346823399208872	0.5397581405916301	0.5421764118308398	wiki+subs	vergallito (2020)	it	0.7363262944040772	Italian	italian: vergallito (2020) olfactory
visual	0.7233716364474402	0.5232665244166476	0.5256109084866146	subs	vergallito (2020)	it	0.7249902816497712	Italian	italian: vergallito (2020) visual
visual	0.6860379682442389	0.4706480938726834	0.4740310091925231	wiki	vergallito (2020)	it	0.6884990989046559	Italian	italian: vergallito (2020) visual
visual	0.7383403116557142	0.5451464158158572	0.5475888280730967	wiki+subs	vergallito (2020)	it	0.7399924513622397	Italian	italian: vergallito (2020) visual
lexical decision time	0.6274771815914598	0.39372761341796186	0.4583875838559155	subs	yap (2010)	ms	0.677043265867046	Malay	malay: yap (2010) lexical decision time
lexical decision time	0.6104908934990189	0.3726991310452305	0.3963209069565479	wiki	yap (2010)	ms	0.6295402345811965	Malay	malay: yap (2010) lexical decision time
lexical decision time	0.6041183553360017	0.3649589872538756	0.3787546878029912	wiki+subs	yap (2010)	ms	0.6154304898223609	Malay	malay: yap (2010) lexical decision time
age of acquisition	0.6783742884032706	0.4601916751666438	0.4983970339351707	subs	imbir (2016)	pl	0.7059724030974375	Polish	polish: imbir (2016) age of acquisition
age of acquisition	0.6144598988652593	0.3775609673135048	0.4492810637245853	wiki	imbir (2016)	pl	0.6702843155889785	Polish	polish: imbir (2016) age of acquisition
age of acquisition	0.7001469067439197	0.4902056910230789	0.5346806569864804	wiki+subs	imbir (2016)	pl	0.7312186109409965	Polish	polish: imbir (2016) age of acquisition
arousal	0.7161232750247948	0.5128325450322379	0.5554081769448281	subs	imbir (2016)	pl	0.7452571213647194	Polish	polish: imbir (2016) arousal
arousal	0.6498344813253085	0.4222848531193327	0.5025005348254068	wiki	imbir (2016)	pl	0.7088727211745468	Polish	polish: imbir (2016) arousal
arousal	0.7270954885766846	0.5286678495085677	0.5766323775493718	wiki+subs	imbir (2016)	pl	0.759363139446057	Polish	polish: imbir (2016) arousal
concreteness	0.8670685473193508	0.7518078657504892	0.8142233564818171	subs	imbir (2016)	pl	0.9023432586781024	Polish	polish: imbir (2016) concreteness
concreteness	0.8169402710348901	0.6673914064385598	0.7941666299323473	wiki	imbir (2016)	pl	0.8911602717426015	Polish	polish: imbir (2016) concreteness
concreteness	0.8717073394684911	0.7598736856832351	0.8288148606351498	wiki+subs	imbir (2016)	pl	0.9103926958379828	Polish	polish: imbir (2016) concreteness
dominance	0.7138765361940205	0.5096197089283726	0.5519286094708915	subs	imbir (2016)	pl	0.7429189790757075	Polish	polish: imbir (2016) dominance
dominance	0.6191761396046714	0.3833790918557436	0.4562043778632757	wiki	imbir (2016)	pl	0.6754290324403265	Polish	polish: imbir (2016) dominance
dominance	0.7147130733455769	0.5108147772110799	0.5571595468579825	wiki+subs	imbir (2016)	pl	0.7464312070499078	Polish	polish: imbir (2016) dominance
imageability	0.7869496738714279	0.6192897892063467	0.6707035584140275	subs	imbir (2016)	pl	0.8189649311258862	Polish	polish: imbir (2016) imageability
imageability	0.7318151882076295	0.5355534696913682	0.6372852423183311	wiki	imbir (2016)	pl	0.7983014733284232	Polish	polish: imbir (2016) imageability
imageability	0.794479994338755	0.6311984614045082	0.6884652997974456	wiki+subs	imbir (2016)	pl	0.8297380910850397	Polish	polish: imbir (2016) imageability
valence	0.7616486608046326	0.5801086825054903	0.6282696152990572	subs	imbir (2016)	pl	0.7926346038995883	Polish	polish: imbir (2016) valence
valence	0.6833346272912519	0.4669462128552743	0.5556456026334595	wiki	imbir (2016)	pl	0.7454163954686397	Polish	polish: imbir (2016) valence
valence	0.7717551566552758	0.5956060218240097	0.6496436595612114	wiki+subs	imbir (2016)	pl	0.8060047515748351	Polish	polish: imbir (2016) valence
age of acquisition	0.7684358841023256	0.5904937079761227	0.5949156078630407	subs	cameirao (2010)	pt	0.7713077257898048	Portuguese	portuguese: cameirao (2010) age of acquisition
age of acquisition	0.7461188527753229	0.5566933424667639	0.5634587129481309	wiki	cameirao (2010)	pt	0.7506388698622867	Portuguese	portuguese: cameirao (2010) age of acquisition
age of acquisition	0.7739421424278761	0.5989864398258508	0.6017388186418224	wiki+subs	cameirao (2010)	pt	0.7757182598352461	Portuguese	portuguese: cameirao (2010) age of acquisition
arousal	0.6339494313929759	0.4018918815634774	0.40901201332346027	subs	soares (2012)	pt	0.6395404704344052	Portuguese	portuguese: soares (2012) arousal
arousal	0.608277992017896	0.3700021155733236	0.3803003851916666	wiki	soares (2012)	pt	0.6166849967298269	Portuguese	portuguese: soares (2012) arousal
arousal	0.6364310066263712	0.40504442619545616	0.4126265386069967	wiki+subs	soares (2012)	pt	0.6423601315516061	Portuguese	portuguese: soares (2012) arousal
dominance	0.5669430972198102	0.3214244754851911	0.3271190035941807	subs	soares (2012)	pt	0.5719431821380343	Portuguese	portuguese: soares (2012) dominance
dominance	0.5386953893867168	0.2901927225465064	0.2982696571700673	wiki	soares (2012)	pt	0.5461406935672046	Portuguese	portuguese: soares (2012) dominance
dominance	0.5848213752862488	0.3420160409916994	0.3484183117097706	wiki+subs	soares (2012)	pt	0.5902696940465185	Portuguese	portuguese: soares (2012) dominance
valence	0.8383804804291818	0.7028818299646656	0.7153344608104963	subs	soares (2012)	pt	0.8457744739648367	Portuguese	portuguese: soares (2012) valence
valence	0.8045608792789156	0.6473182084660618	0.6653350174492126	wiki	soares (2012)	pt	0.8156807080280939	Portuguese	portuguese: soares (2012) valence
valence	0.8397604855131553	0.7051976730292904	0.7183984176475726	wiki+subs	soares (2012)	pt	0.8475838705683189	Portuguese	portuguese: soares (2012) valence
color vividness	0.6535385319902496	0.4271126127959705	0.42882792449394624	subs	diez-alamo (2018)	es	0.6548495434021057	Spanish	spanish: diez-alamo (2018) color vividness
color vividness	0.6242752682563335	0.3897196105565171	0.391284749554736	wiki	diez-alamo (2018)	es	0.6255275769738182	Spanish	spanish: diez-alamo (2018) color vividness
color vividness	0.6480234889246024	0.41993444219801424	0.4216209259016207	wiki+subs	diez-alamo (2018)	es	0.6493234370493804	Spanish	spanish: diez-alamo (2018) color vividness
graspability	0.8671718291421711	0.7519869812577786	0.7550070092949585	subs	diez-alamo (2018)	es	0.8689113932357881	Spanish	spanish: diez-alamo (2018) graspability
graspability	0.8186121475963071	0.6701258481922381	0.6728171166588736	wiki	diez-alamo (2018)	es	0.8202542999941381	Spanish	spanish: diez-alamo (2018) graspability
graspability	0.8591602143000959	0.7381562738361869	0.7411207568636414	wiki+subs	diez-alamo (2018)	es	0.8608837069335448	Spanish	spanish: diez-alamo (2018) graspability
pleasant taste	0.8762994950119887	0.7679008049582663	0.7709847439340023	subs	diez-alamo (2018)	es	0.8780573693865352	Spanish	spanish: diez-alamo (2018) pleasant taste
pleasant taste	0.8510916785811153	0.7243570453500205	0.7272661097891773	wiki	diez-alamo (2018)	es	0.8527989855699744	Spanish	spanish: diez-alamo (2018) pleasant taste
pleasant taste	0.8830923903712837	0.7798521699316677	0.7829841063570961	wiki+subs	diez-alamo (2018)	es	0.8848638914302561	Spanish	spanish: diez-alamo (2018) pleasant taste
risk of pain	0.7876810954919901	0.6204415081954616	0.6229332411601021	subs	diez-alamo (2018)	es	0.7892611995785058	Spanish	spanish: diez-alamo (2018) risk of pain
risk of pain	0.7389432854970789	0.5460371791812174	0.5482300995795356	wiki	diez-alamo (2018)	es	0.7404256205585646	Spanish	spanish: diez-alamo (2018) risk of pain
risk of pain	0.7711677326611148	0.5946996718976847	0.5970880239936593	wiki+subs	diez-alamo (2018)	es	0.7727147106103645	Spanish	spanish: diez-alamo (2018) risk of pain
smell intensity	0.793161332630977	0.6291048995809473	0.6316314252820756	subs	diez-alamo (2018)	es	0.7947524301831833	Spanish	spanish: diez-alamo (2018) smell intensity
smell intensity	0.7622426270670822	0.581013822518127	0.5833472113635814	wiki	diez-alamo (2018)	es	0.7637717010753812	Spanish	spanish: diez-alamo (2018) smell intensity
smell intensity	0.7937050985156623	0.6299677834097572	0.6324977745077884	wiki+subs	diez-alamo (2018)	es	0.7952972868731468	Spanish	spanish: diez-alamo (2018) smell intensity
sound intensity	0.8171197666580232	0.6676847130632624	0.6703661777743598	subs	diez-alamo (2018)	es	0.8187589253097396	Spanish	spanish: diez-alamo (2018) sound intensity
sound intensity	0.7734181035780583	0.5981755629422801	0.6005778744400403	wiki	diez-alamo (2018)	es	0.7749695958165328	Spanish	spanish: diez-alamo (2018) sound intensity
sound intensity	0.8034056610763152	0.6454606562494711	0.6480528677203524	wiki+subs	diez-alamo (2018)	es	0.8050173089569891	Spanish	spanish: diez-alamo (2018) sound intensity
visual motion	0.8671816999838734	0.7520041007869207	0.7550241975772296	subs	diez-alamo (2018)	es	0.8689212838785971	Spanish	spanish: diez-alamo (2018) visual motion
visual motion	0.8261195414099921	0.6824734966994555	0.6852143541159191	wiki	diez-alamo (2018)	es	0.8277767537904885	Spanish	spanish: diez-alamo (2018) visual motion
visual motion	0.8628155313123033	0.7444506410737323	0.7474404026844701	wiki+subs	diez-alamo (2018)	es	0.8645463565850418	Spanish	spanish: diez-alamo (2018) visual motion
sensory experience	0.7065611753468012	0.4992286945074531	0.5032547323663842	subs	diez-alamo (2019)	es	0.7094044913632731	Spanish	spanish: diez-alamo (2019) sensory experience
sensory experience	0.6947068827415518	0.4826176529284842	0.4891094695239844	wiki	diez-alamo (2019)	es	0.6993636175295255	Spanish	spanish: diez-alamo (2019) sensory experience
sensory experience	0.7237670422109855	0.5238387313908385	0.5268080129181956	wiki+subs	diez-alamo (2019)	es	0.7258154124281156	Spanish	spanish: diez-alamo (2019) sensory experience
arousal	0.7452471293793024	0.5553932838480906	0.5553932838480906	subs	guasch (2016)	es	0.7452471293793024	Spanish	spanish: guasch (2016) arousal
arousal	0.7352234449255378	0.5405535139681754	0.5417143303904406	wiki	guasch (2016)	es	0.7360124526055525	Spanish	spanish: guasch (2016) arousal
arousal	0.7587070022424667	0.5756363152517503	0.5760477779502862	wiki+subs	guasch (2016)	es	0.7589781142762195	Spanish	spanish: guasch (2016) arousal
concreteness	0.8283302468697642	0.6861309978793245	0.6861309978793245	subs	guasch (2016)	es	0.8283302468697642	Spanish	spanish: guasch (2016) concreteness
concreteness	0.8067347822892806	0.650821008955333	0.652218620284514	wiki	guasch (2016)	es	0.8076005326177751	Spanish	spanish: guasch (2016) concreteness
concreteness	0.8298384568389084	0.6886318644487809	0.6891240959458851	wiki+subs	guasch (2016)	es	0.8301349865810289	Spanish	spanish: guasch (2016) concreteness
context availability	0.5795622206687282	0.3358923676264676	0.3358923676264676	subs	guasch (2016)	es	0.5795622206687282	Spanish	spanish: guasch (2016) context availability
context availability	0.5741986162075357	0.3297040508546488	0.33041207673336315	wiki	guasch (2016)	es	0.5748148195143921	Spanish	spanish: guasch (2016) context availability
context availability	0.6256383077564526	0.3914232921323577	0.3917030800466768	wiki+subs	guasch (2016)	es	0.6258618697817249	Spanish	spanish: guasch (2016) context availability
familiarity	0.5328628386821131	0.28394280484835976	0.28394280484835976	subs	guasch (2016)	es	0.5328628386821131	Spanish	spanish: guasch (2016) familiarity
familiarity	0.5666075539326126	0.3210441201734985	0.3217335492075146	wiki	guasch (2016)	es	0.5672156108637302	Spanish	spanish: guasch (2016) familiarity
familiarity	0.6034553776706232	0.3641583928395945	0.36441869190524107	wiki+subs	guasch (2016)	es	0.6036710129741539	Spanish	spanish: guasch (2016) familiarity
imageability	0.8301204968275318	0.6891000392531881	0.6891000392531881	subs	guasch (2016)	es	0.8301204968275318	Spanish	spanish: guasch (2016) imageability
imageability	0.8030531299348661	0.6448943294981849	0.6462792135271717	wiki	guasch (2016)	es	0.8039149292849161	Spanish	spanish: guasch (2016) imageability
imageability	0.8300195921080942	0.688932523283287	0.6894249696902086	wiki+subs	guasch (2016)	es	0.8303161865760589	Spanish	spanish: guasch (2016) imageability
valence	0.7955786865574516	0.6329454465044797	0.6329454465044797	subs	guasch (2016)	es	0.7955786865574516	Spanish	spanish: guasch (2016) valence
valence	0.7945400671257685	0.6312939182682207	0.6326495959738789	wiki	guasch (2016)	es	0.7953927306518956	Spanish	spanish: guasch (2016) valence
valence	0.8114658032735641	0.6584767498824107	0.6589474266157076	wiki+subs	guasch (2016)	es	0.8117557678364272	Spanish	spanish: guasch (2016) valence
age of acquisition	0.6808171429339961	0.4635119821128092	0.5209089606954638	subs	san-miguel-abella (2019)	es	0.7217402307585907	Spanish	spanish: san-miguel-abella (2019) age of acquisition
age of acquisition	0.6786524010215543	0.4605690814123206	0.5466713095806665	wiki	san-miguel-abella (2019)	es	0.7393722402015553	Spanish	spanish: san-miguel-abella (2019) age of acquisition
age of acquisition	0.7190144211545917	0.5169817378282726	0.5808569119335625	wiki+subs	san-miguel-abella (2019)	es	0.7621396931885667	Spanish	spanish: san-miguel-abella (2019) age of acquisition
motor content	0.685950442245038	0.4705280092161632	0.5287937868222021	subs	san-miguel-abella (2019)	es	0.7271820864282907	Spanish	spanish: san-miguel-abella (2019) motor content
motor content	0.6444491244306261	0.41531467397940064	0.4929567048143432	wiki	san-miguel-abella (2019)	es	0.7021087556884212	Spanish	spanish: san-miguel-abella (2019) motor content
motor content	0.6956462160576627	0.4839236579153444	0.5437143732177079	wiki+subs	san-miguel-abella (2019)	es	0.7373699025710961	Spanish	spanish: san-miguel-abella (2019) motor content
arousal	0.6866893273236346	0.4715422322601858	0.4882090511247541	subs	stadthagen-gonzalez (2017)	es	0.6987195797490966	Spanish	spanish: stadthagen-gonzalez (2017) arousal
arousal	0.673747483528859	0.4539356715614701	0.4702577826106754	wiki	stadthagen-gonzalez (2017)	es	0.6857534415594831	Spanish	spanish: stadthagen-gonzalez (2017) arousal
arousal	0.7050605071773968	0.497110318781248	0.5110980349395244	wiki+subs	stadthagen-gonzalez (2017)	es	0.7149112077310891	Spanish	spanish: stadthagen-gonzalez (2017) arousal
valence	0.7354895872097779	0.5409449328940094	0.5600648135652189	subs	stadthagen-gonzalez (2017)	es	0.7483747814866685	Spanish	spanish: stadthagen-gonzalez (2017) valence
valence	0.7393435632991411	0.5466289045918711	0.5662839752162243	wiki	stadthagen-gonzalez (2017)	es	0.7525184218450897	Spanish	spanish: stadthagen-gonzalez (2017) valence
valence	0.7660634964455255	0.5868532805863437	0.603366188899171	wiki+subs	stadthagen-gonzalez (2017)	es	0.7767664957367633	Spanish	spanish: stadthagen-gonzalez (2017) valence
anger	0.7093089489928129	0.503119185121289	0.5119021793334733	subs	stadthagen-gonzalez (2018)	es	0.7154733952660107	Spanish	spanish: stadthagen-gonzalez (2018) anger
anger	0.7271598629264072	0.5287614662511513	0.534570351974639	wiki	stadthagen-gonzalez (2018)	es	0.73114318158254	Spanish	spanish: stadthagen-gonzalez (2018) anger
anger	0.7459696516664519	0.5564707212073675	0.5605852060866614	wiki+subs	stadthagen-gonzalez (2018)	es	0.7487223825201578	Spanish	spanish: stadthagen-gonzalez (2018) anger
arousal	0.6492540699872912	0.4215308473950624	0.4288895470877315	subs	stadthagen-gonzalez (2018)	es	0.6548965926676756	Spanish	spanish: stadthagen-gonzalez (2018) arousal
arousal	0.6471163317114943	0.4187595467677408	0.4233599696579328	wiki	stadthagen-gonzalez (2018)	es	0.6506611788465121	Spanish	spanish: stadthagen-gonzalez (2018) arousal
arousal	0.6744481182101164	0.4548802641571671	0.4582436000838141	wiki+subs	stadthagen-gonzalez (2018)	es	0.6769369247454404	Spanish	spanish: stadthagen-gonzalez (2018) arousal
disgust	0.6401503811044721	0.4097925104282009	0.41694629297859137	subs	stadthagen-gonzalez (2018)	es	0.6457137856501063	Spanish	spanish: stadthagen-gonzalez (2018) disgust
disgust	0.6438580174368708	0.4145531466177378	0.4191073586939084	wiki	stadthagen-gonzalez (2018)	es	0.6473850158089144	Spanish	spanish: stadthagen-gonzalez (2018) disgust
disgust	0.6741435943071927	0.4544695857454209	0.4578298851599011	wiki+subs	stadthagen-gonzalez (2018)	es	0.6766312771073335	Spanish	spanish: stadthagen-gonzalez (2018) disgust
fear	0.6958358931086819	0.48418759013835705	0.4926400938940455	subs	stadthagen-gonzalez (2018)	es	0.7018832480505897	Spanish	spanish: stadthagen-gonzalez (2018) fear
fear	0.7162116662225347	0.5129591508332595	0.5185944349418643	wiki	stadthagen-gonzalez (2018)	es	0.7201350116067572	Spanish	spanish: stadthagen-gonzalez (2018) fear
fear	0.7366796656385264	0.5426969297652909	0.5467095727067091	wiki+subs	stadthagen-gonzalez (2018)	es	0.7393981151630757	Spanish	spanish: stadthagen-gonzalez (2018) fear
happiness	0.6373112730799287	0.4061656587947595	0.4132561270891109	subs	stadthagen-gonzalez (2018)	es	0.6428500035693481	Spanish	spanish: stadthagen-gonzalez (2018) happiness
happiness	0.6502234529653126	0.4227905387861341	0.4274352454857216	wiki	stadthagen-gonzalez (2018)	es	0.6537853206410508	Spanish	spanish: stadthagen-gonzalez (2018) happiness
happiness	0.6768455124065694	0.4581198476649115	0.4615071367248499	wiki+subs	stadthagen-gonzalez (2018)	es	0.6793431656569822	Spanish	spanish: stadthagen-gonzalez (2018) happiness
sadness	0.7062421632114666	0.4987779930976118	0.5074852027530836	subs	stadthagen-gonzalez (2018)	es	0.7123799567317175	Spanish	spanish: stadthagen-gonzalez (2018) sadness
sadness	0.7250312332142768	0.525670289136215	0.5314452157008801	wiki	stadthagen-gonzalez (2018)	es	0.7290028914214813	Spanish	spanish: stadthagen-gonzalez (2018) sadness
sadness	0.7446637862583795	0.5545241545646654	0.558624246738804	wiki+subs	stadthagen-gonzalez (2018)	es	0.7474116982887035	Spanish	spanish: stadthagen-gonzalez (2018) sadness
valence	0.6920427945448053	0.4789232294813836	0.4872838328473664	subs	stadthagen-gonzalez (2018)	es	0.6980571845109586	Spanish	spanish: stadthagen-gonzalez (2018) valence
valence	0.7089808132385932	0.502653793540457	0.5081758647039544	wiki	stadthagen-gonzalez (2018)	es	0.7128645486373651	Spanish	spanish: stadthagen-gonzalez (2018) valence
valence	0.7332999923418587	0.5377288787685701	0.5417047884733118	wiki+subs	stadthagen-gonzalez (2018)	es	0.7360059704060231	Spanish	spanish: stadthagen-gonzalez (2018) valence
age of acquisition	0.5724086267247894	0.3276516359489593	0.3523135870418917	subs	goz (2017)	tr	0.5935600955605858	Turkish	turkish: goz (2017) age of acquisition
age of acquisition	0.41933895215906	0.17584515679785845	0.2076911300762108	wiki	goz (2017)	tr	0.4557314231827895	Turkish	turkish: goz (2017) age of acquisition
age of acquisition	0.561954999071409	0.3157934209813473	0.33895537135743903	wiki+subs	goz (2017)	tr	0.5821987387116525	Turkish	turkish: goz (2017) age of acquisition
concreteness	0.8355631427178021	0.6981657654684499	0.7507158768477956	subs	goz (2017)	tr	0.8664386168955049	Turkish	turkish: goz (2017) concreteness
concreteness	0.7915701567671855	0.6265833130844265	0.7400590312020785	wiki	goz (2017)	tr	0.8602668372092921	Turkish	turkish: goz (2017) concreteness
concreteness	0.8487777861299333	0.7204237302276307	0.7732633955931636	wiki+subs	goz (2017)	tr	0.8793539649044425	Turkish	turkish: goz (2017) concreteness
imagery	0.7553674709511151	0.5705800161710837	0.6135268991086921	subs	goz (2017)	tr	0.7832795791469941	Turkish	turkish: goz (2017) imagery
imagery	0.6971275437960943	0.4859868123191754	0.5740001720305221	wiki	goz (2017)	tr	0.7576279905273577	Turkish	turkish: goz (2017) imagery
imagery	0.7656184499258816	0.5861716108669096	0.6291645197140354	wiki+subs	goz (2017)	tr	0.7931989156031641	Turkish	turkish: goz (2017) imagery
